context,model,probability_state,threshold,test_rows,retained_rows,queue_rows,retained_coverage,queue_rate,retained_accuracy,retained_macro_f1,selective_risk,queue_accuracy,all_errors,retained_errors,captured_errors,error_capture_rate,queue_error_rate
application_category,lightgbm_ordinal,raw,0.5,197261,197261,0,1.0,0.0,0.9712867723472962,0.6725480129323816,0.028713227652703788,,5664,5664,0,0.0,
application_category,lightgbm_ordinal,raw,0.7,197261,197234,27,0.9998631255037742,0.0001368744962258125,0.9713132624192583,0.6712361584405757,0.028686737580741695,0.7777777777777778,5664,5658,6,0.001059322033898305,0.2222222222222222
application_category,lightgbm_ordinal,raw,0.8,197261,197214,47,0.9997617369880514,0.00023826301194863658,0.9713103532203596,0.6712356190884293,0.028689646779640365,0.8723404255319149,5664,5658,6,0.001059322033898305,0.1276595744680851
application_category,lightgbm_ordinal,raw,0.9,197261,196560,701,0.996446332523915,0.003553667476084984,0.9742368742368742,0.6713612304035369,0.025763125763125783,0.14407988587731813,5664,5064,600,0.1059322033898305,0.8559201141226819
application_category,lightgbm_ordinal,raw,0.95,197261,195323,1938,0.9901754528264584,0.009824547173541653,0.9740737137971462,0.671331059985714,0.025926286202853754,0.6904024767801857,5664,5064,600,0.1059322033898305,0.30959752321981426
application_category,lightgbm_ordinal,raw,0.99,197261,195127,2134,0.9891818453723746,0.010818154627625328,0.9749906471170059,0.671831551834107,0.025009352882994107,0.6326148078725399,5664,4880,784,0.1384180790960452,0.3673851921274602
application_category,lightgbm_ordinal,raw,0.999,197261,162304,34957,0.822788082793862,0.17721191720613805,0.9797109128548895,0.675942909896969,0.020289087145110463,0.9321738135423521,5664,3293,2371,0.4186087570621469,0.06782618645764797
application_category,lightgbm_ordinal,raw,0.9999,197261,150753,46508,0.7642311455381449,0.2357688544618551,0.9998540659224029,0.9475937391432391,0.00014593407759710963,0.878687537627935,5664,22,5642,0.9961158192090396,0.12131246237206503
application_category,lightgbm_ordinal,temperature_scaled,0.5,197261,197261,0,1.0,0.0,0.9712867723472962,0.6725480129323816,0.028713227652703788,,5664,5664,0,0.0,
application_category,lightgbm_ordinal,temperature_scaled,0.7,197261,197214,47,0.9997617369880514,0.00023826301194863658,0.9713103532203596,0.6712356190884293,0.028689646779640365,0.8723404255319149,5664,5658,6,0.001059322033898305,0.1276595744680851
application_category,lightgbm_ordinal,temperature_scaled,0.8,197261,196559,702,0.9964412630981289,0.003558736901871125,0.974236743166174,0.6713612061750657,0.025763256833825965,0.1452991452991453,5664,5064,600,0.1059322033898305,0.8547008547008547
application_category,lightgbm_ordinal,temperature_scaled,0.9,197261,195314,1947,0.9901298279943831,0.009870172005616924,0.9740725191230531,0.6713308390005315,0.02592748087694685,0.6918335901386748,5664,5064,600,0.1059322033898305,0.3081664098613251
application_category,lightgbm_ordinal,temperature_scaled,0.95,197261,195127,2134,0.9891818453723746,0.010818154627625328,0.9749906471170059,0.671831551834107,0.025009352882994107,0.6326148078725399,5664,4880,784,0.1384180790960452,0.3673851921274602
application_category,lightgbm_ordinal,temperature_scaled,0.99,197261,159169,38092,0.8068954329543092,0.19310456704569073,0.9819311549359486,0.6781154702755848,0.018068845064051375,0.9268087787461934,5664,2876,2788,0.4922316384180791,0.07319122125380657
application_category,lightgbm_ordinal,temperature_scaled,0.999,197261,150146,47115,0.7611540040859572,0.23884599591404282,0.9999933398159125,0.9971498420177584,6.6601840874591645e-06,0.8798047330998621,5664,1,5663,0.9998234463276836,0.12019526690013796
application_category,lightgbm_ordinal,temperature_scaled,0.9999,197261,147263,49998,0.7465388495445121,0.2534611504554879,1.0,1.0,0.0,0.8867154686187447,5664,0,5664,1.0,0.11328453138125524
application_category,catboost_native,raw,0.5,197261,197261,0,1.0,0.0,0.9992193084289342,0.9923443385912797,0.0007806915710657503,,154,154,0,0.0,
application_category,catboost_native,raw,0.7,197261,197206,55,0.9997211815817623,0.0002788184182377662,0.9993560033670376,0.9936600954004681,0.0006439966329624403,0.509090909090909,154,127,27,0.17532467532467533,0.4909090909090909
application_category,catboost_native,raw,0.8,197261,197141,120,0.9993916689056631,0.0006083310943369444,0.9995485464718146,0.9955325308198008,0.0004514535281854304,0.4583333333333333,154,89,65,0.42207792207792205,0.5416666666666666
application_category,catboost_native,raw,0.9,197261,195709,1552,0.9921322511799089,0.007867748820091149,0.9997342993934872,0.997375330851772,0.0002657006065127643,0.9342783505154639,154,52,102,0.6623376623376623,0.06572164948453608
application_category,catboost_native,raw,0.95,197261,192400,4861,0.9753575212535676,0.02464247874643239,0.9997505197505198,0.9653246882047833,0.0002494802494802384,0.9781937872865666,154,48,106,0.6883116883116883,0.02180621271343345
application_category,catboost_native,raw,0.99,197261,186367,10894,0.9447736754857777,0.055226324514222276,0.999747809429781,0.9303269335372297,0.0002521905702189686,0.9901780796768863,154,47,107,0.6948051948051948,0.009821920323113641
application_category,catboost_native,raw,0.999,197261,166122,31139,0.842143150445349,0.15785684955465096,1.0,1.0,0.0,0.9950544333472494,154,0,154,1.0,0.00494556665275057
application_category,catboost_native,raw,0.9999,197261,13535,183726,0.06861467801542119,0.9313853219845788,1.0,1.0,0.0,0.9991617952821049,154,0,154,1.0,0.0008382047178951264
application_category,catboost_native,temperature_scaled,0.5,197261,197261,0,1.0,0.0,0.9992193084289342,0.9923443385912797,0.0007806915710657503,,154,154,0,0.0,
application_category,catboost_native,temperature_scaled,0.7,197261,197238,23,0.9998834032069187,0.00011659679308124768,0.9993155477139294,0.9932685280474614,0.0006844522860706137,0.17391304347826086,154,135,19,0.12337662337662338,0.8260869565217391
application_category,catboost_native,temperature_scaled,0.8,197261,197207,54,0.9997262510075484,0.000273748992451625,0.9993560066326246,0.9936600960090617,0.0006439933673754172,0.5,154,127,27,0.17532467532467533,0.5
application_category,catboost_native,temperature_scaled,0.9,197261,197157,104,0.9994727797182413,0.0005272202817586852,0.9994978621098921,0.9950377817991916,0.0005021378901078899,0.47115384615384615,154,99,55,0.35714285714285715,0.5288461538461539
application_category,catboost_native,temperature_scaled,0.95,197261,197087,174,0.9991179199132114,0.0008820800867885694,0.9997361571285778,0.9973756770944391,0.0002638428714222263,0.41379310344827586,154,52,102,0.6623376623376623,0.5862068965517241
application_category,catboost_native,temperature_scaled,0.99,197261,192914,4347,0.9779632061076442,0.022036793892355813,0.9997511844656168,0.9870326812327117,0.0002488155343831622,0.9756153669197147,154,48,106,0.6883116883116883,0.024384633080285253
application_category,catboost_native,temperature_scaled,0.999,197261,186877,10384,0.9473590826367098,0.05264091736329026,0.9997484976749412,0.9303270560308358,0.00025150232505877224,0.9896956856702619,154,47,107,0.6948051948051948,0.010304314329738058
application_category,catboost_native,temperature_scaled,0.9999,197261,180983,16278,0.9174798870531935,0.08252011294680651,0.9999723730958157,0.990887774226075,2.7626904184341328e-05,0.9908465413441455,154,5,149,0.9675324675324676,0.009153458655854528
