key_id,fields,repeat,seed,frequency_preserved_exactly,cardinality_preserved_exactly,rows,distinct_contexts,ucc_distinctness_ratio,duplicate_excess_rows,singleton_contexts,singleton_context_share,singleton_rows,singleton_row_share,conflicted_contexts,conflicted_rows,bayes_error,bayes_error_rate,agreement_rate,context_size_median,context_size_p90,context_size_p95,context_size_max
K1,Application | Bytes | Outbound Interface | Source Port,0,42,True,True,1048576,835339,0.7966413497924805,213237,749012,0.8966563275508506,749012,0.7143135070800781,16,152,33,3.147125244140625e-05,0.9999685287475586,1.0,2.0,2.0,4789
K2,Application | Bytes | Destination Country | Source Port,0,42,True,True,1048576,840363,0.8014326095581055,208213,756527,0.9002383493799703,756527,0.7214803695678711,10,110,12,1.1444091796875e-05,0.9999885559082031,1.0,1.0,2.0,4778
K3,Bytes | Destination Port | Outbound Interface | Source Port,0,42,True,True,1048576,937070,0.8936595916748047,111506,887314,0.9469025793163798,887314,0.8462085723876953,16,134,23,2.193450927734375e-05,0.9999780654907227,1.0,1.0,2.0,2263
K4,Bytes | Outbound Interface | Source Port | Subcategory of app,0,42,True,True,1048576,834942,0.7962627410888672,213634,748406,0.8963568726929535,748406,0.7137355804443359,18,169,35,3.337860107421875e-05,0.9999666213989258,1.0,2.0,2.0,4789
K5,Bytes | Category of app | Outbound Interface | Source Port,0,42,True,True,1048576,834808,0.7961349487304688,213768,748196,0.8962491974202451,748196,0.7135353088378906,35,252,59,5.626678466796875e-05,0.999943733215332,1.0,2.0,2.0,4789
K6,Bytes | Outbound Interface | Source Port | Technology of app,0,42,True,True,1048576,834433,0.7957773208618164,214143,747622,0.8959640857923884,747622,0.7129878997802734,21,206,44,4.1961669921875e-05,0.9999580383300781,1.0,2.0,2.0,4789
K7,Bytes | Outbound Interface | Risk of app | Source Port,0,42,True,True,1048576,835178,0.7964878082275391,213398,748765,0.896533433591402,748765,0.7140779495239258,18,160,35,3.337860107421875e-05,0.9999666213989258,1.0,2.0,2.0,4789
K1,Application | Bytes | Outbound Interface | Source Port,1,42,True,True,1048576,835332,0.7966346740722656,213244,749275,0.8969786863187331,749275,0.714564323425293,16,310,32,3.0517578125e-05,0.999969482421875,1.0,2.0,2.0,4801
K2,Application | Bytes | Destination Country | Source Port,1,42,True,True,1048576,840420,0.8014869689941406,208156,756887,0.9006056495561743,756887,0.7218236923217773,7,245,9,8.58306884765625e-06,0.9999914169311523,1.0,1.0,2.0,4783
K3,Bytes | Destination Port | Outbound Interface | Source Port,1,42,True,True,1048576,937161,0.8937463760375977,111415,887508,0.947017641579195,887508,0.8463935852050781,14,305,24,2.288818359375e-05,0.9999771118164062,1.0,1.0,2.0,2264
K4,Bytes | Outbound Interface | Source Port | Subcategory of app,1,42,True,True,1048576,834898,0.7962207794189453,213678,748631,0.896673605638054,748631,0.7139501571655273,19,318,35,3.337860107421875e-05,0.9999666213989258,1.0,2.0,2.0,4801
K5,Bytes | Category of app | Outbound Interface | Source Port,1,42,True,True,1048576,834740,0.7960700988769531,213836,748374,0.8965354481635001,748374,0.7137050628662109,36,406,52,4.9591064453125e-05,0.9999504089355469,1.0,2.0,2.0,4801
K6,Bytes | Outbound Interface | Source Port | Technology of app,1,42,True,True,1048576,834374,0.7957210540771484,214202,747845,0.8962947071696865,747845,0.713200569152832,21,358,45,4.291534423828125e-05,0.9999570846557617,1.0,2.0,2.0,4801
K7,Bytes | Outbound Interface | Risk of app | Source Port,1,42,True,True,1048576,835167,0.7964773178100586,213409,749024,0.8968553594670288,749024,0.714324951171875,19,369,35,3.337860107421875e-05,0.9999666213989258,1.0,2.0,2.0,4801
K1,Application | Bytes | Outbound Interface | Source Port,2,42,True,True,1048576,835552,0.796844482421875,213024,749714,0.8972679139060166,749714,0.7149829864501953,17,146,29,2.765655517578125e-05,0.9999723434448242,1.0,2.0,2.0,4755
K2,Application | Bytes | Destination Country | Source Port,2,42,True,True,1048576,840605,0.8016633987426758,207971,757275,0.9008690169580242,757275,0.722193717956543,6,88,7,6.67572021484375e-06,0.9999933242797852,1.0,1.0,2.0,4731
K3,Bytes | Destination Port | Outbound Interface | Source Port,2,42,True,True,1048576,937161,0.8937463760375977,111415,887587,0.9471019387277106,887587,0.8464689254760742,14,254,20,1.9073486328125e-05,0.9999809265136719,1.0,1.0,2.0,2286
K4,Bytes | Outbound Interface | Source Port | Subcategory of app,2,42,True,True,1048576,835106,0.7964191436767578,213470,749052,0.8969543986032911,749052,0.7143516540527344,19,159,32,3.0517578125e-05,0.999969482421875,1.0,2.0,2.0,4755
K5,Bytes | Category of app | Outbound Interface | Source Port,2,42,True,True,1048576,834992,0.7963104248046875,213584,748864,0.8968517063636537,748864,0.71417236328125,35,215,50,4.76837158203125e-05,0.9999523162841797,1.0,2.0,2.0,4755
K6,Bytes | Outbound Interface | Source Port | Technology of app,2,42,True,True,1048576,834613,0.7959489822387695,213963,748306,0.8965903957882276,748306,0.7136402130126953,25,213,43,4.100799560546875e-05,0.9999589920043945,1.0,2.0,2.0,4755
K7,Bytes | Outbound Interface | Risk of app | Source Port,2,42,True,True,1048576,835379,0.7966794967651367,213197,749456,0.8971448887271526,749456,0.7147369384765625,23,175,37,3.528594970703125e-05,0.999964714050293,1.0,2.0,2.0,4755
K1,Application | Bytes | Outbound Interface | Source Port,3,42,True,True,1048576,835126,0.7964382171630859,213450,748738,0.8965569267391986,748738,0.7140522003173828,22,145,34,3.24249267578125e-05,0.9999675750732422,1.0,2.0,2.0,4679
K2,Application | Bytes | Destination Country | Source Port,3,42,True,True,1048576,840185,0.8012628555297852,208391,756281,0.9001362795098699,756281,0.7212457656860352,13,141,19,1.811981201171875e-05,0.9999818801879883,1.0,1.0,2.0,4664
K3,Bytes | Destination Port | Outbound Interface | Source Port,3,42,True,True,1048576,936996,0.8935890197753906,111580,887179,0.9468332842402742,887179,0.8460798263549805,20,282,30,2.86102294921875e-05,0.9999713897705078,1.0,1.0,2.0,2296
K4,Bytes | Outbound Interface | Source Port | Subcategory of app,3,42,True,True,1048576,834715,0.796046257019043,213861,748125,0.8962639942974548,748125,0.7134675979614258,23,149,36,3.4332275390625e-05,0.9999656677246094,1.0,2.0,2.0,4679
K5,Bytes | Category of app | Outbound Interface | Source Port,3,42,True,True,1048576,834585,0.7959222793579102,213991,747913,0.8961495833258446,747913,0.7132654190063477,38,221,56,5.340576171875e-05,0.9999465942382812,1.0,2.0,2.0,4679
K6,Bytes | Outbound Interface | Source Port | Technology of app,3,42,True,True,1048576,834218,0.7955722808837891,214358,747365,0.8958869264388925,747365,0.712742805480957,27,175,41,3.910064697265625e-05,0.9999608993530273,1.0,2.0,2.0,4679
K7,Bytes | Outbound Interface | Risk of app | Source Port,3,42,True,True,1048576,835001,0.7963190078735352,213575,748554,0.8964707826697214,748554,0.7138767242431641,24,152,37,3.528594970703125e-05,0.999964714050293,1.0,2.0,2.0,4679
K1,Application | Bytes | Outbound Interface | Source Port,4,42,True,True,1048576,835349,0.7966508865356445,213227,749089,0.8967377706802785,749089,0.7143869400024414,14,148,31,2.956390380859375e-05,0.9999704360961914,1.0,2.0,2.0,4835
K2,Application | Bytes | Destination Country | Source Port,4,42,True,True,1048576,840366,0.8014354705810547,208210,756532,0.9002410854318238,756532,0.7214851379394531,11,116,12,1.1444091796875e-05,0.9999885559082031,1.0,1.0,2.0,4812
K3,Bytes | Destination Port | Outbound Interface | Source Port,4,42,True,True,1048576,936973,0.8935670852661133,111603,887046,0.9467145798224709,887046,0.8459529876708984,13,135,23,2.193450927734375e-05,0.9999780654907227,1.0,1.0,2.0,2259
K4,Bytes | Outbound Interface | Source Port | Subcategory of app,4,42,True,True,1048576,834936,0.7962570190429688,213640,748468,0.8964375712629471,748468,0.7137947082519531,15,151,32,3.0517578125e-05,0.999969482421875,1.0,2.0,2.0,4835
K5,Bytes | Category of app | Outbound Interface | Source Port,4,42,True,True,1048576,834808,0.7961349487304688,213768,748262,0.8963282575155006,748262,0.7135982513427734,25,183,44,4.1961669921875e-05,0.9999580383300781,1.0,2.0,2.0,4835
K6,Bytes | Outbound Interface | Source Port | Technology of app,4,42,True,True,1048576,834405,0.795750617980957,214171,747652,0.896030105284604,747652,0.7130165100097656,17,182,40,3.814697265625e-05,0.9999618530273438,1.0,2.0,2.0,4835
K7,Bytes | Outbound Interface | Risk of app | Source Port,4,42,True,True,1048576,835194,0.7965030670166016,213382,748844,0.8966108473001483,748844,0.7141532897949219,16,166,33,3.147125244140625e-05,0.9999685287475586,1.0,2.0,2.0,4835
K1,Application | Bytes | Outbound Interface | Source Port,5,42,True,True,1048576,835806,0.7970867156982422,212770,749867,0.8971782925702855,749867,0.7151288986206055,15,129,29,2.765655517578125e-05,0.9999723434448242,1.0,2.0,2.0,4884
K2,Application | Bytes | Destination Country | Source Port,5,42,True,True,1048576,840770,0.8018207550048828,207806,757249,0.9006612985715475,757249,0.7221689224243164,7,88,8,7.62939453125e-06,0.9999923706054688,1.0,1.0,2.0,4866
K3,Bytes | Destination Port | Outbound Interface | Source Port,5,42,True,True,1048576,937365,0.8939409255981445,111211,887789,0.9471113173630336,887789,0.8466615676879883,17,120,27,2.574920654296875e-05,0.999974250793457,1.0,1.0,2.0,2273
K4,Bytes | Outbound Interface | Source Port | Subcategory of app,5,42,True,True,1048576,835390,0.7966899871826172,213186,749242,0.8968769077915704,749242,0.7145328521728516,17,133,31,2.956390380859375e-05,0.9999704360961914,1.0,2.0,2.0,4884
K5,Bytes | Category of app | Outbound Interface | Source Port,5,42,True,True,1048576,835251,0.7965574264526367,213325,749015,0.8967543888004923,749015,0.7143163681030273,28,189,44,4.1961669921875e-05,0.9999580383300781,1.0,2.0,2.0,4884
K6,Bytes | Outbound Interface | Source Port | Technology of app,5,42,True,True,1048576,834870,0.7961940765380859,213706,748455,0.8964928671529699,748455,0.7137823104858398,23,185,40,3.814697265625e-05,0.9999618530273438,1.0,2.0,2.0,4884
K7,Bytes | Outbound Interface | Risk of app | Source Port,5,42,True,True,1048576,835658,0.7969455718994141,212918,749645,0.8970715292619708,749645,0.7149171829223633,19,153,33,3.147125244140625e-05,0.9999685287475586,1.0,2.0,2.0,4884
K1,Application | Bytes | Outbound Interface | Source Port,6,42,True,True,1048576,835619,0.7969083786010742,212957,749350,0.8967603656690429,749350,0.7146358489990234,25,183,38,3.62396240234375e-05,0.9999637603759766,1.0,2.0,2.0,4827
K2,Application | Bytes | Destination Country | Source Port,6,42,True,True,1048576,840621,0.8016786575317383,207955,756871,0.9003712731421175,756871,0.7218084335327148,8,51,9,8.58306884765625e-06,0.9999914169311523,1.0,1.0,2.0,4806
K3,Bytes | Destination Port | Outbound Interface | Source Port,6,42,True,True,1048576,937359,0.8939352035522461,111217,887825,0.9471557855634821,887825,0.8466958999633789,23,151,28,2.6702880859375e-05,0.9999732971191406,1.0,1.0,2.0,2364
K4,Bytes | Outbound Interface | Source Port | Subcategory of app,6,42,True,True,1048576,835233,0.7965402603149414,213343,748772,0.8964827778595913,748772,0.7140846252441406,26,185,39,3.719329833984375e-05,0.9999628067016602,1.0,2.0,2.0,4827
K5,Bytes | Category of app | Outbound Interface | Source Port,6,42,True,True,1048576,835117,0.7964296340942383,213459,748589,0.8963881707593068,748589,0.7139101028442383,39,248,56,5.340576171875e-05,0.9999465942382812,1.0,2.0,2.0,4827
K6,Bytes | Outbound Interface | Source Port | Technology of app,6,42,True,True,1048576,834732,0.7960624694824219,213844,748016,0.8961151603149274,748016,0.7133636474609375,35,232,55,5.245208740234375e-05,0.9999475479125977,1.0,2.0,2.0,4827
K7,Bytes | Outbound Interface | Risk of app | Source Port,6,42,True,True,1048576,835449,0.7967462539672852,213127,749093,0.8966352224971244,749093,0.714390754699707,28,190,41,3.910064697265625e-05,0.9999608993530273,1.0,2.0,2.0,4827
K1,Application | Bytes | Outbound Interface | Source Port,7,42,True,True,1048576,835027,0.7963438034057617,213549,748648,0.896555440722276,748648,0.7139663696289062,21,309,32,3.0517578125e-05,0.999969482421875,1.0,2.0,2.0,4721
K2,Application | Bytes | Destination Country | Source Port,7,42,True,True,1048576,840038,0.8011226654052734,208538,756194,0.9001902294896184,756194,0.7211627960205078,11,187,12,1.1444091796875e-05,0.9999885559082031,1.0,1.0,2.0,4701
K3,Bytes | Destination Port | Outbound Interface | Source Port,7,42,True,True,1048576,936872,0.8934707641601562,111704,886906,0.9466672074733795,886906,0.8458194732666016,17,288,23,2.193450927734375e-05,0.9999780654907227,1.0,1.0,2.0,2199
K4,Bytes | Outbound Interface | Source Port | Subcategory of app,7,42,True,True,1048576,834612,0.7959480285644531,213964,748034,0.8962655701092244,748034,0.7133808135986328,23,314,34,3.24249267578125e-05,0.9999675750732422,1.0,2.0,2.0,4721
K5,Bytes | Category of app | Outbound Interface | Source Port,7,42,True,True,1048576,834471,0.7958135604858398,214105,747814,0.8961533714173411,747814,0.7131710052490234,40,396,55,5.245208740234375e-05,0.9999475479125977,1.0,2.0,2.0,4721
K6,Bytes | Outbound Interface | Source Port | Technology of app,7,42,True,True,1048576,834099,0.7954587936401367,214477,747258,0.8958864595209921,747258,0.7126407623291016,27,353,47,4.482269287109375e-05,0.9999551773071289,1.0,2.0,2.0,4721
K7,Bytes | Outbound Interface | Risk of app | Source Port,7,42,True,True,1048576,834869,0.7961931228637695,213707,748406,0.8964352491229163,748406,0.7137355804443359,24,318,36,3.4332275390625e-05,0.9999656677246094,1.0,2.0,2.0,4721
K1,Application | Bytes | Outbound Interface | Source Port,8,42,True,True,1048576,835122,0.7964344024658203,213454,748764,0.8965923541710074,748764,0.7140769958496094,15,141,22,2.09808349609375e-05,0.9999790191650391,1.0,2.0,2.0,4750
K2,Application | Bytes | Destination Country | Source Port,8,42,True,True,1048576,840124,0.8012046813964844,208452,756166,0.9000647523460823,756166,0.7211360931396484,7,77,9,8.58306884765625e-06,0.9999914169311523,1.0,1.0,2.0,4732
K3,Bytes | Destination Port | Outbound Interface | Source Port,8,42,True,True,1048576,936990,0.8935832977294922,111586,887258,0.9469236598042668,887258,0.8461551666259766,11,105,14,1.33514404296875e-05,0.9999866485595703,1.0,1.0,2.0,2220
K4,Bytes | Outbound Interface | Source Port | Subcategory of app,8,42,True,True,1048576,834690,0.7960224151611328,213886,748098,0.8962584911763649,748098,0.7134418487548828,16,143,23,2.193450927734375e-05,0.9999780654907227,1.0,2.0,2.0,4750
K5,Bytes | Category of app | Outbound Interface | Source Port,8,42,True,True,1048576,834546,0.7958850860595703,214030,747865,0.8961339458819526,747865,0.7132196426391602,28,202,38,3.62396240234375e-05,0.9999637603759766,1.0,2.0,2.0,4750
K6,Bytes | Outbound Interface | Source Port | Technology of app,8,42,True,True,1048576,834171,0.795527458190918,214405,747322,0.8958858555380131,747322,0.7127017974853516,20,186,36,3.4332275390625e-05,0.9999656677246094,1.0,2.0,2.0,4750
K7,Bytes | Outbound Interface | Risk of app | Source Port,8,42,True,True,1048576,834962,0.7962818145751953,213614,748514,0.8964647492939799,748514,0.7138385772705078,19,151,26,2.47955322265625e-05,0.9999752044677734,1.0,2.0,2.0,4750
K1,Application | Bytes | Outbound Interface | Source Port,9,42,True,True,1048576,835488,0.796783447265625,213088,749348,0.8968985790340496,749348,0.7146339416503906,15,115,24,2.288818359375e-05,0.9999771118164062,1.0,2.0,2.0,4718
K2,Application | Bytes | Destination Country | Source Port,9,42,True,True,1048576,840495,0.8015584945678711,208081,756839,0.9004681764912343,756839,0.7217779159545898,6,100,9,8.58306884765625e-06,0.9999914169311523,1.0,1.0,2.0,4702
K3,Bytes | Destination Port | Outbound Interface | Source Port,9,42,True,True,1048576,937380,0.8939552307128906,111196,887766,0.9470716251680215,887766,0.8466396331787109,10,88,13,1.239776611328125e-05,0.9999876022338867,1.0,1.0,2.0,2235
K4,Bytes | Outbound Interface | Source Port | Subcategory of app,9,42,True,True,1048576,835084,0.7963981628417969,213492,748726,0.8965876486676789,748726,0.7140407562255859,19,138,30,2.86102294921875e-05,0.9999713897705078,1.0,2.0,2.0,4718
K5,Bytes | Category of app | Outbound Interface | Source Port,9,42,True,True,1048576,834967,0.7962865829467773,213609,748542,0.8964929152888677,748542,0.7138652801513672,33,209,48,4.57763671875e-05,0.9999542236328125,1.0,2.0,2.0,4718
K6,Bytes | Outbound Interface | Source Port | Technology of app,9,42,True,True,1048576,834617,0.7959527969360352,213959,748036,0.8962625970954342,748036,0.7133827209472656,23,174,36,3.4332275390625e-05,0.9999656677246094,1.0,2.0,2.0,4718
K7,Bytes | Outbound Interface | Risk of app | Source Port,9,42,True,True,1048576,835325,0.7966279983520508,213251,749113,0.8967922664831054,749113,0.7144098281860352,22,148,33,3.147125244140625e-05,0.9999685287475586,1.0,2.0,2.0,4718
K1,Application | Bytes | Outbound Interface | Source Port,10,42,True,True,1048576,835157,0.7964677810668945,213419,749160,0.8970289418636257,749160,0.7144546508789062,17,321,29,2.765655517578125e-05,0.9999723434448242,1.0,2.0,2.0,4743
K2,Application | Bytes | Destination Country | Source Port,10,42,True,True,1048576,840143,0.8012228012084961,208433,756554,0.9005062233453115,756554,0.7215061187744141,11,187,13,1.239776611328125e-05,0.9999876022338867,1.0,1.0,2.0,4730
K3,Bytes | Destination Port | Outbound Interface | Source Port,10,42,True,True,1048576,937198,0.8937816619873047,111378,887761,0.9472502075335202,887761,0.8466348648071289,14,294,18,1.71661376953125e-05,0.9999828338623047,1.0,1.0,2.0,2249
K4,Bytes | Outbound Interface | Source Port | Subcategory of app,10,42,True,True,1048576,834762,0.7960910797119141,213814,748558,0.896732242243897,748558,0.7138805389404297,18,324,30,2.86102294921875e-05,0.9999713897705078,1.0,2.0,2.0,4743
K5,Bytes | Category of app | Outbound Interface | Source Port,10,42,True,True,1048576,834631,0.7959661483764648,213945,748347,0.896620183050953,748347,0.713679313659668,33,396,50,4.76837158203125e-05,0.9999523162841797,1.0,2.0,2.0,4743
K6,Bytes | Outbound Interface | Source Port | Technology of app,10,42,True,True,1048576,834243,0.7955961227416992,214333,747767,0.8963419531239699,747767,0.7131261825561523,24,370,42,4.00543212890625e-05,0.9999599456787109,1.0,2.0,2.0,4743
K7,Bytes | Outbound Interface | Risk of app | Source Port,10,42,True,True,1048576,834993,0.7963113784790039,213583,748921,0.896918896326077,748921,0.7142267227172852,19,331,33,3.147125244140625e-05,0.9999685287475586,1.0,2.0,2.0,4743
K1,Application | Bytes | Outbound Interface | Source Port,11,42,True,True,1048576,835358,0.7966594696044922,213218,749230,0.8968968992934766,749230,0.7145214080810547,17,149,29,2.765655517578125e-05,0.9999723434448242,1.0,2.0,2.0,4724
K2,Application | Bytes | Destination Country | Source Port,11,42,True,True,1048576,840249,0.8013238906860352,208327,756464,0.9002855106045946,756464,0.7214202880859375,11,112,14,1.33514404296875e-05,0.9999866485595703,1.0,1.0,2.0,4706
K3,Bytes | Destination Port | Outbound Interface | Source Port,11,42,True,True,1048576,937028,0.8936195373535156,111548,887375,0.9470101213624352,887375,0.8462667465209961,16,134,21,2.002716064453125e-05,0.9999799728393555,1.0,1.0,2.0,2223
K4,Bytes | Outbound Interface | Source Port | Subcategory of app,11,42,True,True,1048576,834883,0.7962064743041992,213693,748513,0.8965483786350902,748513,0.7138376235961914,19,172,32,3.0517578125e-05,0.999969482421875,1.0,2.0,2.0,4724
K5,Bytes | Category of app | Outbound Interface | Source Port,11,42,True,True,1048576,834752,0.79608154296875,213824,748307,0.8964422966342099,748307,0.7136411666870117,32,225,48,4.57763671875e-05,0.9999542236328125,1.0,2.0,2.0,4724
K6,Bytes | Outbound Interface | Source Port | Technology of app,11,42,True,True,1048576,834367,0.7957143783569336,214209,747731,0.8961655961944803,747731,0.7130918502807617,22,218,39,3.719329833984375e-05,0.9999628067016602,1.0,2.0,2.0,4724
K7,Bytes | Outbound Interface | Risk of app | Source Port,11,42,True,True,1048576,835177,0.7964868545532227,213399,748958,0.8967655957958612,748958,0.7142620086669922,22,189,35,3.337860107421875e-05,0.9999666213989258,1.0,2.0,2.0,4724
K1,Application | Bytes | Outbound Interface | Source Port,12,42,True,True,1048576,835169,0.7964792251586914,213407,749029,0.8968591985574177,749029,0.714329719543457,17,151,29,2.765655517578125e-05,0.9999723434448242,1.0,2.0,2.0,4732
K2,Application | Bytes | Destination Country | Source Port,12,42,True,True,1048576,840262,0.8013362884521484,208314,756637,0.9004774701224142,756637,0.7215852737426758,8,110,11,1.049041748046875e-05,0.9999895095825195,1.0,1.0,2.0,4711
K3,Bytes | Destination Port | Outbound Interface | Source Port,12,42,True,True,1048576,937078,0.8936672210693359,111498,887336,0.9469179726767676,887336,0.8462295532226562,14,128,21,2.002716064453125e-05,0.9999799728393555,1.0,1.0,2.0,2205
K4,Bytes | Outbound Interface | Source Port | Subcategory of app,12,42,True,True,1048576,834767,0.7960958480834961,213809,748423,0.8965651493171148,748423,0.7137517929077148,18,156,31,2.956390380859375e-05,0.9999704360961914,1.0,2.0,2.0,4732
K5,Bytes | Category of app | Outbound Interface | Source Port,12,42,True,True,1048576,834627,0.7959623336791992,213949,748190,0.8964363721758343,748190,0.7135295867919922,31,223,47,4.482269287109375e-05,0.9999551773071289,1.0,2.0,2.0,4732
K6,Bytes | Outbound Interface | Source Port | Technology of app,12,42,True,True,1048576,834263,0.7956151962280273,214313,747659,0.8961910093100137,747659,0.7130231857299805,22,193,40,3.814697265625e-05,0.9999618530273438,1.0,2.0,2.0,4732
K7,Bytes | Outbound Interface | Risk of app | Source Port,12,42,True,True,1048576,835022,0.7963390350341797,213554,748819,0.8967655941999133,748819,0.7141294479370117,20,162,33,3.147125244140625e-05,0.9999685287475586,1.0,2.0,2.0,4732
K1,Application | Bytes | Outbound Interface | Source Port,13,42,True,True,1048576,835221,0.7965288162231445,213355,749217,0.8970284511524494,749217,0.7145090103149414,24,151,37,3.528594970703125e-05,0.999964714050293,1.0,2.0,2.0,4798
K2,Application | Bytes | Destination Country | Source Port,13,42,True,True,1048576,840263,0.8013372421264648,208313,756716,0.9005704166433605,756716,0.7216606140136719,10,41,13,1.239776611328125e-05,0.9999876022338867,1.0,1.0,2.0,4778
K3,Bytes | Destination Port | Outbound Interface | Source Port,13,42,True,True,1048576,936976,0.8935699462890625,111600,887210,0.9468865798056727,887210,0.8461093902587891,22,279,33,3.147125244140625e-05,0.9999685287475586,1.0,1.0,2.0,2276
K4,Bytes | Outbound Interface | Source Port | Subcategory of app,13,42,True,True,1048576,834781,0.7961091995239258,213795,748543,0.896693863420466,748543,0.7138662338256836,26,156,39,3.719329833984375e-05,0.9999628067016602,1.0,2.0,2.0,4798
K5,Bytes | Category of app | Outbound Interface | Source Port,13,42,True,True,1048576,834659,0.7959928512573242,213917,748346,0.8965889063677502,748346,0.7136783599853516,36,218,52,4.9591064453125e-05,0.9999504089355469,1.0,2.0,2.0,4798
K6,Bytes | Outbound Interface | Source Port | Technology of app,13,42,True,True,1048576,834260,0.7956123352050781,214316,747751,0.8963045093855633,747751,0.7131109237670898,29,204,48,4.57763671875e-05,0.9999542236328125,1.0,2.0,2.0,4798
K7,Bytes | Outbound Interface | Risk of app | Source Port,13,42,True,True,1048576,835066,0.7963809967041016,213510,748987,0.8969195249237785,748987,0.714289665222168,26,156,39,3.719329833984375e-05,0.9999628067016602,1.0,2.0,2.0,4798
K1,Application | Bytes | Outbound Interface | Source Port,14,42,True,True,1048576,835258,0.7965641021728516,213318,748855,0.8965553158425301,748855,0.7141637802124023,20,158,37,3.528594970703125e-05,0.999964714050293,1.0,2.0,2.0,4679
K2,Application | Bytes | Destination Country | Source Port,14,42,True,True,1048576,840356,0.8014259338378906,208220,756505,0.9002196688070294,756505,0.7214593887329102,9,137,13,1.239776611328125e-05,0.9999876022338867,1.0,1.0,2.0,4664
K3,Bytes | Destination Port | Outbound Interface | Source Port,14,42,True,True,1048576,937075,0.8936643600463867,111501,887306,0.9468889896753194,887306,0.8462009429931641,17,147,30,2.86102294921875e-05,0.9999713897705078,1.0,1.0,2.0,2270
K4,Bytes | Outbound Interface | Source Port | Subcategory of app,14,42,True,True,1048576,834848,0.796173095703125,213728,748230,0.8962469814864502,748230,0.7135677337646484,22,167,41,3.910064697265625e-05,0.9999608993530273,1.0,2.0,2.0,4679
K5,Bytes | Category of app | Outbound Interface | Source Port,14,42,True,True,1048576,834716,0.7960472106933594,213860,748017,0.8961335352383326,748017,0.7133646011352539,31,228,54,5.14984130859375e-05,0.9999485015869141,1.0,2.0,2.0,4679
K6,Bytes | Outbound Interface | Source Port | Technology of app,14,42,True,True,1048576,834326,0.7956752777099609,214250,747454,0.8958776305664692,747454,0.7128276824951172,25,194,49,4.673004150390625e-05,0.9999532699584961,1.0,2.0,2.0,4679
K7,Bytes | Outbound Interface | Risk of app | Source Port,14,42,True,True,1048576,835083,0.7963972091674805,213493,748601,0.8964390365987572,748601,0.7139215469360352,25,173,44,4.1961669921875e-05,0.9999580383300781,1.0,2.0,2.0,4679
K1,Application | Bytes | Outbound Interface | Source Port,15,42,True,True,1048576,835370,0.7966709136962891,213206,749346,0.897022876090834,749346,0.7146320343017578,25,143,36,3.4332275390625e-05,0.9999656677246094,1.0,2.0,2.0,4851
K2,Application | Bytes | Destination Country | Source Port,15,42,True,True,1048576,840403,0.8014707565307617,208173,756824,0.9005489033237625,756824,0.7217636108398438,6,15,7,6.67572021484375e-06,0.9999933242797852,1.0,1.0,2.0,4836
K3,Bytes | Destination Port | Outbound Interface | Source Port,15,42,True,True,1048576,936706,0.8933124542236328,111870,887037,0.9469748245447345,887037,0.8459444046020508,21,116,23,2.193450927734375e-05,0.9999780654907227,1.0,1.0,2.0,2247
K4,Bytes | Outbound Interface | Source Port | Subcategory of app,15,42,True,True,1048576,834969,0.7962884902954102,213607,748729,0.8967147283312314,748729,0.7140436172485352,27,147,38,3.62396240234375e-05,0.9999637603759766,1.0,2.0,2.0,4851
K5,Bytes | Category of app | Outbound Interface | Source Port,15,42,True,True,1048576,834835,0.7961606979370117,213741,748520,0.8966083118220965,748520,0.7138442993164062,36,183,52,4.9591064453125e-05,0.9999504089355469,1.0,2.0,2.0,4851
K6,Bytes | Outbound Interface | Source Port | Technology of app,15,42,True,True,1048576,834426,0.7957706451416016,214150,747887,0.8962891856198153,747887,0.7132406234741211,35,207,47,4.482269287109375e-05,0.9999551773071289,1.0,2.0,2.0,4851
K7,Bytes | Outbound Interface | Risk of app | Source Port,15,42,True,True,1048576,835198,0.7965068817138672,213378,749081,0.8968903182239422,749081,0.7143793106079102,30,154,41,3.910064697265625e-05,0.9999608993530273,1.0,2.0,2.0,4851
K1,Application | Bytes | Outbound Interface | Source Port,16,42,True,True,1048576,835458,0.7967548370361328,213118,749394,0.8969858448898688,749394,0.7146778106689453,16,156,29,2.765655517578125e-05,0.9999723434448242,1.0,2.0,2.0,4760
K2,Application | Bytes | Destination Country | Source Port,16,42,True,True,1048576,840582,0.8016414642333984,207994,757055,0.9006319431060861,757055,0.7219839096069336,8,110,10,9.5367431640625e-06,0.9999904632568359,1.0,1.0,2.0,4739
K3,Bytes | Destination Port | Outbound Interface | Source Port,16,42,True,True,1048576,937416,0.8939895629882812,111160,887889,0.9471664661153639,887889,0.8467569351196289,15,150,22,2.09808349609375e-05,0.9999790191650391,1.0,1.0,2.0,2326
K4,Bytes | Outbound Interface | Source Port | Subcategory of app,16,42,True,True,1048576,835068,0.7963829040527344,213508,748800,0.8966934429291986,748800,0.714111328125,17,161,30,2.86102294921875e-05,0.9999713897705078,1.0,2.0,2.0,4760
K5,Bytes | Category of app | Outbound Interface | Source Port,16,42,True,True,1048576,834930,0.7962512969970703,213646,748581,0.8965793539578168,748581,0.713902473449707,24,205,39,3.719329833984375e-05,0.9999628067016602,1.0,2.0,2.0,4760
K6,Bytes | Outbound Interface | Source Port | Technology of app,16,42,True,True,1048576,834529,0.7958688735961914,214047,747957,0.8962624426472897,747957,0.7133073806762695,25,206,46,4.38690185546875e-05,0.9999561309814453,1.0,2.0,2.0,4760
K7,Bytes | Outbound Interface | Risk of app | Source Port,16,42,True,True,1048576,835306,0.7966098785400391,213270,749148,0.8968545658716686,749148,0.7144432067871094,19,165,32,3.0517578125e-05,0.999969482421875,1.0,2.0,2.0,4760
K1,Application | Bytes | Outbound Interface | Source Port,17,42,True,True,1048576,835615,0.7969045639038086,212961,749440,0.8968723634688224,749440,0.7147216796875,21,158,33,3.147125244140625e-05,0.9999685287475586,1.0,2.0,2.0,4730
K2,Application | Bytes | Destination Country | Source Port,17,42,True,True,1048576,840635,0.801692008972168,207941,756881,0.9003681740588959,756881,0.7218179702758789,10,98,14,1.33514404296875e-05,0.9999866485595703,1.0,1.0,2.0,4711
K3,Bytes | Destination Port | Outbound Interface | Source Port,17,42,True,True,1048576,937241,0.8938226699829102,111335,887504,0.9469325392295045,887504,0.8463897705078125,20,146,26,2.47955322265625e-05,0.9999752044677734,1.0,1.0,2.0,2173
K4,Bytes | Outbound Interface | Source Port | Subcategory of app,17,42,True,True,1048576,835225,0.7965326309204102,213351,748860,0.8965967254332665,748860,0.7141685485839844,22,162,34,3.24249267578125e-05,0.9999675750732422,1.0,2.0,2.0,4730
K5,Bytes | Category of app | Outbound Interface | Source Port,17,42,True,True,1048576,835078,0.7963924407958984,213498,748617,0.8964635638826552,748617,0.7139368057250977,32,215,48,4.57763671875e-05,0.9999542236328125,1.0,2.0,2.0,4730
K6,Bytes | Outbound Interface | Source Port | Technology of app,17,42,True,True,1048576,834681,0.7960138320922852,213895,748032,0.8961890830149483,748032,0.71337890625,28,210,45,4.291534423828125e-05,0.9999570846557617,1.0,2.0,2.0,4730
K7,Bytes | Outbound Interface | Risk of app | Source Port,17,42,True,True,1048576,835463,0.7967596054077148,213113,749216,0.8967674211784364,749216,0.714508056640625,23,175,35,3.337860107421875e-05,0.9999666213989258,1.0,2.0,2.0,4730
K1,Application | Bytes | Outbound Interface | Source Port,18,42,True,True,1048576,835336,0.7966384887695312,213240,749080,0.896740952143808,749080,0.7143783569335938,20,308,34,3.24249267578125e-05,0.9999675750732422,1.0,2.0,2.0,4699
K2,Application | Bytes | Destination Country | Source Port,18,42,True,True,1048576,840423,0.8014898300170898,208153,756686,0.900363269448837,756686,0.7216320037841797,12,189,13,1.239776611328125e-05,0.9999876022338867,1.0,1.0,2.0,4685
K3,Bytes | Destination Port | Outbound Interface | Source Port,18,42,True,True,1048576,937050,0.8936405181884766,111526,887308,0.9469163865322021,887308,0.8462028503417969,16,268,23,2.193450927734375e-05,0.9999780654907227,1.0,1.0,2.0,2214
K4,Bytes | Outbound Interface | Source Port | Subcategory of app,18,42,True,True,1048576,834945,0.7962656021118164,213631,748504,0.8964710250375774,748504,0.7138290405273438,21,324,35,3.337860107421875e-05,0.9999666213989258,1.0,2.0,2.0,4699
K5,Bytes | Category of app | Outbound Interface | Source Port,18,42,True,True,1048576,834797,0.7961244583129883,213779,748269,0.8963484535761389,748269,0.7136049270629883,36,398,53,5.054473876953125e-05,0.9999494552612305,1.0,2.0,2.0,4699
K6,Bytes | Outbound Interface | Source Port | Technology of app,18,42,True,True,1048576,834422,0.7957668304443359,214154,747728,0.8961029311307708,747728,0.7130889892578125,30,373,51,4.863739013671875e-05,0.9999513626098633,1.0,2.0,2.0,4699
K7,Bytes | Outbound Interface | Risk of app | Source Port,18,42,True,True,1048576,835180,0.7964897155761719,213396,748846,0.8966282717498024,748846,0.7141551971435547,24,335,39,3.719329833984375e-05,0.9999628067016602,1.0,2.0,2.0,4699
K1,Application | Bytes | Outbound Interface | Source Port,19,42,True,True,1048576,835453,0.7967500686645508,213123,749195,0.8967530190208186,749195,0.7144880294799805,20,285,35,3.337860107421875e-05,0.9999666213989258,1.0,2.0,2.0,4745
K2,Application | Bytes | Destination Country | Source Port,19,42,True,True,1048576,840488,0.8015518188476562,208088,756678,0.9002841206537154,756678,0.7216243743896484,14,180,18,1.71661376953125e-05,0.9999828338623047,1.0,1.0,2.0,4729
K3,Bytes | Destination Port | Outbound Interface | Source Port,19,42,True,True,1048576,937081,0.8936700820922852,111495,887261,0.9468349054137263,887261,0.8461580276489258,16,254,23,2.193450927734375e-05,0.9999780654907227,1.0,1.0,2.0,2255
K4,Bytes | Outbound Interface | Source Port | Subcategory of app,19,42,True,True,1048576,835037,0.7963533401489258,213539,748564,0.8964441096622066,748564,0.7138862609863281,22,293,37,3.528594970703125e-05,0.999964714050293,1.0,2.0,2.0,4745
K5,Bytes | Category of app | Outbound Interface | Source Port,19,42,True,True,1048576,834909,0.7962312698364258,213667,748360,0.8963372056116296,748360,0.7136917114257812,39,348,56,5.340576171875e-05,0.9999465942382812,1.0,2.0,2.0,4745
K6,Bytes | Outbound Interface | Source Port | Technology of app,19,42,True,True,1048576,834484,0.7958259582519531,214092,747696,0.8959980059533795,747696,0.7130584716796875,33,355,52,4.9591064453125e-05,0.9999504089355469,1.0,2.0,2.0,4745
K7,Bytes | Outbound Interface | Risk of app | Source Port,19,42,True,True,1048576,835269,0.796574592590332,213307,748905,0.8966033696928773,748905,0.7142114639282227,23,295,38,3.62396240234375e-05,0.9999637603759766,1.0,2.0,2.0,4745
