model,probability_state,method,alpha,variant,quantile_rule,tie_rule,qhat,empirical_coverage,uncovered_records,average_set_size,singleton_rate,empty_rate,multi_class_rate,coverage_Allow,coverage_Deny,coverage_Drop,average_set_size_Allow,average_set_size_Deny,average_set_size_Drop
catboost_native,raw,aps_deterministic,0.01,A_as_run,as_run,rankwise,0.9999974187880893,1.0,0,1.9582684869284857,0.04173151307151439,0.0,0.9582684869284857,1.0,1.0,1.0,1.9561759819945341,1.9838178004195386,2.0
catboost_native,raw,aps_deterministic,0.01,E_as_stated,exact,tie_block,0.9999974187880893,1.0,0,1.9582684869284857,0.04173151307151439,0.0,0.9582684869284857,1.0,1.0,1.0,1.9561759819945341,1.9838178004195386,2.0
catboost_native,raw,aps_deterministic,0.01,as_run_quantile_tie_block,as_run,tie_block,0.9999974187880893,1.0,0,1.9582684869284857,0.04173151307151439,0.0,0.9582684869284857,1.0,1.0,1.0,1.9561759819945341,1.9838178004195386,2.0
catboost_native,raw,aps_deterministic,0.01,exact_quantile_rankwise_ties,exact,rankwise,0.9999974187880893,1.0,0,1.9582684869284857,0.04173151307151439,0.0,0.9582684869284857,1.0,1.0,1.0,1.9561759819945341,1.9838178004195386,2.0
catboost_native,raw,aps_deterministic,0.05,A_as_run,as_run,rankwise,0.9999971876456554,1.0,0,1.9484033843486548,0.05159661565134517,0.0,0.9484033843486548,1.0,1.0,1.0,1.9457585338406302,1.9832184596943363,2.0
catboost_native,raw,aps_deterministic,0.05,E_as_stated,exact,tie_block,0.9999971876456554,1.0,0,1.9484033843486548,0.05159661565134517,0.0,0.9484033843486548,1.0,1.0,1.0,1.9457585338406302,1.9832184596943363,2.0
catboost_native,raw,aps_deterministic,0.05,as_run_quantile_tie_block,as_run,tie_block,0.9999971876456554,1.0,0,1.9484033843486548,0.05159661565134517,0.0,0.9484033843486548,1.0,1.0,1.0,1.9457585338406302,1.9832184596943363,2.0
catboost_native,raw,aps_deterministic,0.05,exact_quantile_rankwise_ties,exact,rankwise,0.9999971876456554,1.0,0,1.9484033843486548,0.05159661565134517,0.0,0.9484033843486548,1.0,1.0,1.0,1.9457585338406302,1.9832184596943363,2.0
catboost_native,raw,aps_deterministic,0.1,A_as_run,as_run,rankwise,0.9999970420607489,1.0,0,1.9480333162662664,0.05196668373373348,0.0,0.9480333162662665,1.0,1.0,1.0,1.9453727024275227,1.982918789331735,2.0
catboost_native,raw,aps_deterministic,0.1,E_as_stated,exact,tie_block,0.9999970420607489,1.0,0,1.9480333162662664,0.05196668373373348,0.0,0.9480333162662665,1.0,1.0,1.0,1.9453727024275227,1.982918789331735,2.0
catboost_native,raw,aps_deterministic,0.1,as_run_quantile_tie_block,as_run,tie_block,0.9999970420607489,1.0,0,1.9480333162662664,0.05196668373373348,0.0,0.9480333162662665,1.0,1.0,1.0,1.9453727024275227,1.982918789331735,2.0
catboost_native,raw,aps_deterministic,0.1,exact_quantile_rankwise_ties,exact,rankwise,0.9999970420607489,1.0,0,1.9480333162662664,0.05196668373373348,0.0,0.9480333162662665,1.0,1.0,1.0,1.9453727024275227,1.982918789331735,2.0
catboost_native,raw,probability_threshold,0.01,A_as_run,as_run,not_applicable,0.003114701273978171,0.8966344082205808,20390,0.8966344082205808,0.8966344082205808,0.10336559177941915,0.0,0.9353893146133647,0.026670662271501347,0.3047579983593109,0.9353893146133647,0.026670662271501347,0.3047579983593109
catboost_native,raw,probability_threshold,0.01,E_as_stated,exact,not_applicable,0.003107303229335945,0.8966344082205808,20390,0.8966344082205808,0.8966344082205808,0.10336559177941915,0.0,0.9353893146133647,0.026670662271501347,0.3047579983593109,0.9353893146133647,0.026670662271501347,0.3047579983593109
catboost_native,raw,probability_threshold,0.01,as_run_quantile_tie_block,as_run,not_applicable,0.003114701273978171,0.8966344082205808,20390,0.8966344082205808,0.8966344082205808,0.10336559177941915,0.0,0.9353893146133647,0.026670662271501347,0.3047579983593109,0.9353893146133647,0.026670662271501347,0.3047579983593109
catboost_native,raw,probability_threshold,0.01,exact_quantile_rankwise_ties,exact,not_applicable,0.003107303229335945,0.8966344082205808,20390,0.8966344082205808,0.8966344082205808,0.10336559177941915,0.0,0.9353893146133647,0.026670662271501347,0.3047579983593109,0.9353893146133647,0.026670662271501347,0.3047579983593109
catboost_native,raw,probability_threshold,0.05,A_as_run,as_run,not_applicable,0.00017604533495829688,0.12796244569377627,172019,0.12796244569377627,0.12796244569377627,0.8720375543062238,0.0,0.1352607041423289,0.00029967036260113877,0.0,0.1352607041423289,0.00029967036260113877,0.0
catboost_native,raw,probability_threshold,0.05,E_as_stated,exact,not_applicable,0.00017604533495829688,0.12796244569377627,172019,0.12796244569377627,0.12796244569377627,0.8720375543062238,0.0,0.1352607041423289,0.00029967036260113877,0.0,0.1352607041423289,0.00029967036260113877,0.0
catboost_native,raw,probability_threshold,0.05,as_run_quantile_tie_block,as_run,not_applicable,0.00017604533495829688,0.12796244569377627,172019,0.12796244569377627,0.12796244569377627,0.8720375543062238,0.0,0.1352607041423289,0.00029967036260113877,0.0,0.1352607041423289,0.00029967036260113877,0.0
catboost_native,raw,probability_threshold,0.05,exact_quantile_rankwise_ties,exact,not_applicable,0.00017604533495829688,0.12796244569377627,172019,0.12796244569377627,0.12796244569377627,0.8720375543062238,0.0,0.1352607041423289,0.00029967036260113877,0.0,0.1352607041423289,0.00029967036260113877,0.0
catboost_native,raw,probability_threshold,0.1,A_as_run,as_run,not_applicable,8.468039814613082e-05,0.06334754462362048,184765,0.06334754462362048,0.06334754462362048,0.9366524553763795,0.0,0.066963185252666,0.0,0.0,0.066963185252666,0.0,0.0
catboost_native,raw,probability_threshold,0.1,E_as_stated,exact,not_applicable,8.46525506572604e-05,0.06334754462362048,184765,0.06334754462362048,0.06334754462362048,0.9366524553763795,0.0,0.066963185252666,0.0,0.0,0.066963185252666,0.0,0.0
catboost_native,raw,probability_threshold,0.1,as_run_quantile_tie_block,as_run,not_applicable,8.468039814613082e-05,0.06334754462362048,184765,0.06334754462362048,0.06334754462362048,0.9366524553763795,0.0,0.066963185252666,0.0,0.0,0.066963185252666,0.0,0.0
catboost_native,raw,probability_threshold,0.1,exact_quantile_rankwise_ties,exact,not_applicable,8.46525506572604e-05,0.06334754462362048,184765,0.06334754462362048,0.06334754462362048,0.9366524553763795,0.0,0.066963185252666,0.0,0.0,0.066963185252666,0.0,0.0
catboost_native,temperature_scaled,aps_deterministic,0.01,A_as_run,as_run,rankwise,0.999999999531406,1.0,0,1.9676672023359913,0.032332797664008595,0.0,0.9676672023359913,1.0,1.0,1.0,1.9659503777932588,1.9928079112975727,2.0
catboost_native,temperature_scaled,aps_deterministic,0.01,E_as_stated,exact,tie_block,0.999999999531406,1.0,0,1.9676672023359913,0.032332797664008595,0.0,0.9676672023359913,1.0,1.0,1.0,1.9659503777932588,1.9928079112975727,2.0
catboost_native,temperature_scaled,aps_deterministic,0.01,as_run_quantile_tie_block,as_run,tie_block,0.999999999531406,1.0,0,1.9676672023359913,0.032332797664008595,0.0,0.9676672023359913,1.0,1.0,1.0,1.9659503777932588,1.9928079112975727,2.0
catboost_native,temperature_scaled,aps_deterministic,0.01,exact_quantile_rankwise_ties,exact,rankwise,0.999999999531406,1.0,0,1.9676672023359913,0.032332797664008595,0.0,0.9676672023359913,1.0,1.0,1.0,1.9659503777932588,1.9928079112975727,2.0
catboost_native,temperature_scaled,aps_deterministic,0.05,A_as_run,as_run,rankwise,0.9999999994691626,1.0,0,1.9672312317183833,0.03276876828161674,0.0,0.9672312317183832,1.0,1.0,1.0,1.9655377525320186,1.9901108780341623,2.0
catboost_native,temperature_scaled,aps_deterministic,0.05,E_as_stated,exact,tie_block,0.9999999994691626,1.0,0,1.9672312317183833,0.03276876828161674,0.0,0.9672312317183832,1.0,1.0,1.0,1.9655377525320186,1.9901108780341623,2.0
catboost_native,temperature_scaled,aps_deterministic,0.05,as_run_quantile_tie_block,as_run,tie_block,0.9999999994691626,1.0,0,1.9672312317183833,0.03276876828161674,0.0,0.9672312317183832,1.0,1.0,1.0,1.9655377525320186,1.9901108780341623,2.0
catboost_native,temperature_scaled,aps_deterministic,0.05,exact_quantile_rankwise_ties,exact,rankwise,0.9999999994691626,1.0,0,1.9672312317183833,0.03276876828161674,0.0,0.9672312317183832,1.0,1.0,1.0,1.9655377525320186,1.9901108780341623,2.0
catboost_native,temperature_scaled,aps_deterministic,0.1,A_as_run,as_run,rankwise,0.9999999994090667,1.0,0,1.9659537364202757,0.034046263579724324,0.0,0.9659537364202757,1.0,1.0,1.0,1.9641980601253952,1.9895115373089602,2.0
catboost_native,temperature_scaled,aps_deterministic,0.1,E_as_stated,exact,tie_block,0.9999999994090667,1.0,0,1.9659537364202757,0.034046263579724324,0.0,0.9659537364202757,1.0,1.0,1.0,1.9641980601253952,1.9895115373089602,2.0
catboost_native,temperature_scaled,aps_deterministic,0.1,as_run_quantile_tie_block,as_run,tie_block,0.9999999994090667,1.0,0,1.9659537364202757,0.034046263579724324,0.0,0.9659537364202757,1.0,1.0,1.0,1.9641980601253952,1.9895115373089602,2.0
catboost_native,temperature_scaled,aps_deterministic,0.1,exact_quantile_rankwise_ties,exact,rankwise,0.9999999994090667,1.0,0,1.9659537364202757,0.034046263579724324,0.0,0.9659537364202757,1.0,1.0,1.0,1.9641980601253952,1.9895115373089602,2.0
catboost_native,temperature_scaled,probability_threshold,0.01,A_as_run,as_run,not_applicable,7.809086800192322e-05,0.8990677325979286,19910,0.8990677325979286,0.8990677325979286,0.10093226740207137,0.0,0.9374470821499383,0.026670662271501347,0.31788351107465135,0.9374470821499383,0.026670662271501347,0.31788351107465135
catboost_native,temperature_scaled,probability_threshold,0.01,E_as_stated,exact,not_applicable,7.67340525210658e-05,0.8989156498243444,19940,0.8989156498243444,0.8989156498243444,0.1010843501756556,0.0,0.93729167783077,0.026670662271501347,0.31774678698386655,0.93729167783077,0.026670662271501347,0.31774678698386655
catboost_native,temperature_scaled,probability_threshold,0.01,as_run_quantile_tie_block,as_run,not_applicable,7.809086800192322e-05,0.8990677325979286,19910,0.8990677325979286,0.8990677325979286,0.10093226740207137,0.0,0.9374470821499383,0.026670662271501347,0.31788351107465135,0.9374470821499383,0.026670662271501347,0.31788351107465135
catboost_native,temperature_scaled,probability_threshold,0.01,exact_quantile_rankwise_ties,exact,not_applicable,7.67340525210658e-05,0.8989156498243444,19940,0.8989156498243444,0.8989156498243444,0.1010843501756556,0.0,0.93729167783077,0.026670662271501347,0.31774678698386655,0.93729167783077,0.026670662271501347,0.31774678698386655
catboost_native,temperature_scaled,probability_threshold,0.05,A_as_run,as_run,not_applicable,6.841512190103316e-07,0.1285454296591825,171904,0.1285454296591825,0.1285454296591825,0.8714545703408175,0.0,0.1358769626493757,0.00029967036260113877,0.0,0.1358769626493757,0.00029967036260113877,0.0
catboost_native,temperature_scaled,probability_threshold,0.05,E_as_stated,exact,not_applicable,6.82805996521374e-07,0.1285454296591825,171904,0.1285454296591825,0.1285454296591825,0.8714545703408175,0.0,0.1358769626493757,0.00029967036260113877,0.0,0.1358769626493757,0.00029967036260113877,0.0
catboost_native,temperature_scaled,probability_threshold,0.05,as_run_quantile_tie_block,as_run,not_applicable,6.841512190103316e-07,0.1285454296591825,171904,0.1285454296591825,0.1285454296591825,0.8714545703408175,0.0,0.1358769626493757,0.00029967036260113877,0.0,0.1358769626493757,0.00029967036260113877,0.0
catboost_native,temperature_scaled,probability_threshold,0.05,exact_quantile_rankwise_ties,exact,not_applicable,6.82805996521374e-07,0.1285454296591825,171904,0.1285454296591825,0.1285454296591825,0.8714545703408175,0.0,0.1358769626493757,0.00029967036260113877,0.0,0.1358769626493757,0.00029967036260113877,0.0
catboost_native,temperature_scaled,probability_threshold,0.1,A_as_run,as_run,not_applicable,2.0520532284518112e-07,0.06401670882739112,184633,0.06401670882739112,0.06401670882739112,0.9359832911726089,0.0,0.06767054284336316,0.0,0.0,0.06767054284336316,0.0,0.0
catboost_native,temperature_scaled,probability_threshold,0.1,E_as_stated,exact,not_applicable,2.0520532284518112e-07,0.06401670882739112,184633,0.06401670882739112,0.06401670882739112,0.9359832911726089,0.0,0.06767054284336316,0.0,0.0,0.06767054284336316,0.0,0.0
catboost_native,temperature_scaled,probability_threshold,0.1,as_run_quantile_tie_block,as_run,not_applicable,2.0520532284518112e-07,0.06401670882739112,184633,0.06401670882739112,0.06401670882739112,0.9359832911726089,0.0,0.06767054284336316,0.0,0.0,0.06767054284336316,0.0,0.0
catboost_native,temperature_scaled,probability_threshold,0.1,exact_quantile_rankwise_ties,exact,not_applicable,2.0520532284518112e-07,0.06401670882739112,184633,0.06401670882739112,0.06401670882739112,0.9359832911726089,0.0,0.06767054284336316,0.0,0.0,0.06767054284336316,0.0,0.0
lightgbm_ordinal,raw,aps_deterministic,0.01,A_as_run,as_run,rankwise,0.999999999711874,1.0,0,1.7747349957670295,0.22526500423297052,0.0,0.7747349957670294,1.0,1.0,1.0,1.7621617276673276,1.9841174707821396,2.0
lightgbm_ordinal,raw,aps_deterministic,0.01,E_as_stated,exact,tie_block,0.999999999711874,1.0,0,1.7747349957670295,0.22526500423297052,0.0,0.7747349957670294,1.0,1.0,1.0,1.7621617276673276,1.9841174707821396,2.0
lightgbm_ordinal,raw,aps_deterministic,0.01,as_run_quantile_tie_block,as_run,tie_block,0.999999999711874,1.0,0,1.7747349957670295,0.22526500423297052,0.0,0.7747349957670294,1.0,1.0,1.0,1.7621617276673276,1.9841174707821396,2.0
lightgbm_ordinal,raw,aps_deterministic,0.01,exact_quantile_rankwise_ties,exact,rankwise,0.999999999711874,1.0,0,1.7747349957670295,0.22526500423297052,0.0,0.7747349957670294,1.0,1.0,1.0,1.7621617276673276,1.9841174707821396,2.0
lightgbm_ordinal,raw,aps_deterministic,0.05,A_as_run,as_run,rankwise,0.9999999996775562,1.0,0,1.734610490669722,0.26538950933027816,0.0,0.7346104906697218,1.0,1.0,1.0,1.7197577836128826,1.9835181300569373,2.0
lightgbm_ordinal,raw,aps_deterministic,0.05,E_as_stated,exact,tie_block,0.9999999996775562,1.0,0,1.734610490669722,0.26538950933027816,0.0,0.7346104906697218,1.0,1.0,1.0,1.7197577836128826,1.9835181300569373,2.0
lightgbm_ordinal,raw,aps_deterministic,0.05,as_run_quantile_tie_block,as_run,tie_block,0.9999999996775562,1.0,0,1.734610490669722,0.26538950933027816,0.0,0.7346104906697218,1.0,1.0,1.0,1.7197577836128826,1.9835181300569373,2.0
lightgbm_ordinal,raw,aps_deterministic,0.05,exact_quantile_rankwise_ties,exact,rankwise,0.9999999996775562,1.0,0,1.734610490669722,0.26538950933027816,0.0,0.7346104906697218,1.0,1.0,1.0,1.7197577836128826,1.9835181300569373,2.0
lightgbm_ordinal,raw,aps_deterministic,0.1,A_as_run,as_run,rankwise,0.99999999965747,1.0,0,1.7173288181647666,0.28267118183523354,0.0,0.7173288181647665,1.0,1.0,1.0,1.7014897379561653,1.9835181300569373,2.0
lightgbm_ordinal,raw,aps_deterministic,0.1,E_as_stated,exact,tie_block,0.99999999965747,1.0,0,1.7173288181647666,0.28267118183523354,0.0,0.7173288181647665,1.0,1.0,1.0,1.7014897379561653,1.9835181300569373,2.0
lightgbm_ordinal,raw,aps_deterministic,0.1,as_run_quantile_tie_block,as_run,tie_block,0.99999999965747,1.0,0,1.7173288181647666,0.28267118183523354,0.0,0.7173288181647665,1.0,1.0,1.0,1.7014897379561653,1.9835181300569373,2.0
lightgbm_ordinal,raw,aps_deterministic,0.1,exact_quantile_rankwise_ties,exact,rankwise,0.99999999965747,1.0,0,1.7173288181647666,0.28267118183523354,0.0,0.7173288181647665,1.0,1.0,1.0,1.7014897379561653,1.9835181300569373,2.0
lightgbm_ordinal,raw,probability_threshold,0.01,A_as_run,as_run,not_applicable,8.357038339124045e-08,0.7221701197905314,54805,0.7221701197905314,0.7221701197905314,0.2778298802094687,0.0,0.7629173141846632,0.017081210668264908,0.004238446814328685,0.7629173141846632,0.017081210668264908,0.004238446814328685
lightgbm_ordinal,raw,probability_threshold,0.01,E_as_stated,exact,not_applicable,8.357038339124045e-08,0.7221701197905314,54805,0.7221701197905314,0.7221701197905314,0.2778298802094687,0.0,0.7629173141846632,0.017081210668264908,0.004238446814328685,0.7629173141846632,0.017081210668264908,0.004238446814328685
lightgbm_ordinal,raw,probability_threshold,0.01,as_run_quantile_tie_block,as_run,not_applicable,8.357038339124045e-08,0.7221701197905314,54805,0.7221701197905314,0.7221701197905314,0.2778298802094687,0.0,0.7629173141846632,0.017081210668264908,0.004238446814328685,0.7629173141846632,0.017081210668264908,0.004238446814328685
lightgbm_ordinal,raw,probability_threshold,0.01,exact_quantile_rankwise_ties,exact,not_applicable,8.357038339124045e-08,0.7221701197905314,54805,0.7221701197905314,0.7221701197905314,0.2778298802094687,0.0,0.7629173141846632,0.017081210668264908,0.004238446814328685,0.7629173141846632,0.017081210668264908,0.004238446814328685
lightgbm_ordinal,raw,probability_threshold,0.05,A_as_run,as_run,not_applicable,3.6906704359296327e-09,0.31555147748414536,135015,0.31555147748414536,0.31555147748414536,0.6844485225158546,0.0,0.3332833181501527,0.015582858855259216,0.0,0.3332833181501527,0.015582858855259216,0.0
lightgbm_ordinal,raw,probability_threshold,0.05,E_as_stated,exact,not_applicable,3.6906704359296327e-09,0.31555147748414536,135015,0.31555147748414536,0.31555147748414536,0.6844485225158546,0.0,0.3332833181501527,0.015582858855259216,0.0,0.3332833181501527,0.015582858855259216,0.0
lightgbm_ordinal,raw,probability_threshold,0.05,as_run_quantile_tie_block,as_run,not_applicable,3.6906704359296327e-09,0.31555147748414536,135015,0.31555147748414536,0.31555147748414536,0.6844485225158546,0.0,0.3332833181501527,0.015582858855259216,0.0,0.3332833181501527,0.015582858855259216,0.0
lightgbm_ordinal,raw,probability_threshold,0.05,exact_quantile_rankwise_ties,exact,not_applicable,3.6906704359296327e-09,0.31555147748414536,135015,0.31555147748414536,0.31555147748414536,0.6844485225158546,0.0,0.3332833181501527,0.015582858855259216,0.0,0.3332833181501527,0.015582858855259216,0.0
lightgbm_ordinal,raw,probability_threshold,0.1,A_as_run,as_run,not_applicable,1.7325783030486264e-09,0.24959317858066216,148026,0.24959317858066216,0.24959317858066216,0.7504068214193378,0.0,0.26383902256042013,0.0,0.0,0.26383902256042013,0.0,0.0
lightgbm_ordinal,raw,probability_threshold,0.1,E_as_stated,exact,not_applicable,1.7325783030486264e-09,0.24959317858066216,148026,0.24959317858066216,0.24959317858066216,0.7504068214193378,0.0,0.26383902256042013,0.0,0.0,0.26383902256042013,0.0,0.0
lightgbm_ordinal,raw,probability_threshold,0.1,as_run_quantile_tie_block,as_run,not_applicable,1.7325783030486264e-09,0.24959317858066216,148026,0.24959317858066216,0.24959317858066216,0.7504068214193378,0.0,0.26383902256042013,0.0,0.0,0.26383902256042013,0.0,0.0
lightgbm_ordinal,raw,probability_threshold,0.1,exact_quantile_rankwise_ties,exact,not_applicable,1.7325783030486264e-09,0.24959317858066216,148026,0.24959317858066216,0.24959317858066216,0.7504068214193378,0.0,0.26383902256042013,0.0,0.0,0.26383902256042013,0.0,0.0
lightgbm_ordinal,temperature_scaled,aps_deterministic,0.01,A_as_run,as_run,rankwise,0.9999987432875982,1.0,0,1.6989369414126463,0.3010630585873538,0.0,0.6989369414126462,1.0,1.0,1.0,1.682048121751246,1.9835181300569373,2.0
lightgbm_ordinal,temperature_scaled,aps_deterministic,0.01,E_as_stated,exact,tie_block,0.9999987432875982,1.0,0,1.6989369414126463,0.3010630585873538,0.0,0.6989369414126462,1.0,1.0,1.0,1.682048121751246,1.9835181300569373,2.0
lightgbm_ordinal,temperature_scaled,aps_deterministic,0.01,as_run_quantile_tie_block,as_run,tie_block,0.9999987432875982,1.0,0,1.6989369414126463,0.3010630585873538,0.0,0.6989369414126462,1.0,1.0,1.0,1.682048121751246,1.9835181300569373,2.0
lightgbm_ordinal,temperature_scaled,aps_deterministic,0.01,exact_quantile_rankwise_ties,exact,rankwise,0.9999987432875982,1.0,0,1.6989369414126463,0.3010630585873538,0.0,0.6989369414126462,1.0,1.0,1.0,1.682048121751246,1.9835181300569373,2.0
lightgbm_ordinal,temperature_scaled,aps_deterministic,0.05,A_as_run,as_run,rankwise,0.9999986499951847,1.0,0,1.6953224408271275,0.3046775591728725,0.0,0.6953224408271275,1.0,1.0,1.0,1.6782273190075558,1.9835181300569373,2.0
lightgbm_ordinal,temperature_scaled,aps_deterministic,0.05,E_as_stated,exact,tie_block,0.9999986499951847,1.0,0,1.6953224408271275,0.3046775591728725,0.0,0.6953224408271275,1.0,1.0,1.0,1.6782273190075558,1.9835181300569373,2.0
lightgbm_ordinal,temperature_scaled,aps_deterministic,0.05,as_run_quantile_tie_block,as_run,tie_block,0.9999986499951847,1.0,0,1.6953224408271275,0.3046775591728725,0.0,0.6953224408271275,1.0,1.0,1.0,1.6782273190075558,1.9835181300569373,2.0
lightgbm_ordinal,temperature_scaled,aps_deterministic,0.05,exact_quantile_rankwise_ties,exact,rankwise,0.9999986499951847,1.0,0,1.6953224408271275,0.3046775591728725,0.0,0.6953224408271275,1.0,1.0,1.0,1.6782273190075558,1.9835181300569373,2.0
lightgbm_ordinal,temperature_scaled,aps_deterministic,0.1,A_as_run,as_run,rankwise,0.9999985973752623,1.0,0,1.6917282179447535,0.3082717820552466,0.0,0.6917282179447534,1.0,1.0,1.0,1.6744279513423719,1.9835181300569373,2.0
lightgbm_ordinal,temperature_scaled,aps_deterministic,0.1,E_as_stated,exact,tie_block,0.9999985973752623,1.0,0,1.6917282179447535,0.3082717820552466,0.0,0.6917282179447534,1.0,1.0,1.0,1.6744279513423719,1.9835181300569373,2.0
lightgbm_ordinal,temperature_scaled,aps_deterministic,0.1,as_run_quantile_tie_block,as_run,tie_block,0.9999985973752623,1.0,0,1.6917282179447535,0.3082717820552466,0.0,0.6917282179447534,1.0,1.0,1.0,1.6744279513423719,1.9835181300569373,2.0
lightgbm_ordinal,temperature_scaled,aps_deterministic,0.1,exact_quantile_rankwise_ties,exact,rankwise,0.9999985973752623,1.0,0,1.6917282179447535,0.3082717820552466,0.0,0.6917282179447534,1.0,1.0,1.0,1.6744279513423719,1.9835181300569373,2.0
lightgbm_ordinal,temperature_scaled,probability_threshold,0.01,A_as_run,as_run,not_applicable,4.0037631842348986e-05,0.7217138714697786,54895,0.7217138714697786,0.7217138714697786,0.2782861285302214,0.0,0.7626011467767001,0.017081210668264908,0.0,0.7626011467767001,0.017081210668264908,0.0
lightgbm_ordinal,temperature_scaled,probability_threshold,0.01,E_as_stated,exact,not_applicable,4.0037631842348986e-05,0.7217138714697786,54895,0.7217138714697786,0.7217138714697786,0.2782861285302214,0.0,0.7626011467767001,0.017081210668264908,0.0,0.7626011467767001,0.017081210668264908,0.0
lightgbm_ordinal,temperature_scaled,probability_threshold,0.01,as_run_quantile_tie_block,as_run,not_applicable,4.0037631842348986e-05,0.7217138714697786,54895,0.7217138714697786,0.7217138714697786,0.2782861285302214,0.0,0.7626011467767001,0.017081210668264908,0.0,0.7626011467767001,0.017081210668264908,0.0
lightgbm_ordinal,temperature_scaled,probability_threshold,0.01,exact_quantile_rankwise_ties,exact,not_applicable,4.0037631842348986e-05,0.7217138714697786,54895,0.7217138714697786,0.7217138714697786,0.2782861285302214,0.0,0.7626011467767001,0.017081210668264908,0.0,0.7626011467767001,0.017081210668264908,0.0
lightgbm_ordinal,temperature_scaled,probability_threshold,0.05,A_as_run,as_run,not_applicable,5.75857983631245e-06,0.30366367401564426,137360,0.30366367401564426,0.30366367401564426,0.6963363259843558,0.0,0.3207170033760249,0.015582858855259216,0.0,0.3207170033760249,0.015582858855259216,0.0
lightgbm_ordinal,temperature_scaled,probability_threshold,0.05,E_as_stated,exact,not_applicable,5.75857983631245e-06,0.30366367401564426,137360,0.30366367401564426,0.30366367401564426,0.6963363259843558,0.0,0.3207170033760249,0.015582858855259216,0.0,0.3207170033760249,0.015582858855259216,0.0
lightgbm_ordinal,temperature_scaled,probability_threshold,0.05,as_run_quantile_tie_block,as_run,not_applicable,5.75857983631245e-06,0.30366367401564426,137360,0.30366367401564426,0.30366367401564426,0.6963363259843558,0.0,0.3207170033760249,0.015582858855259216,0.0,0.3207170033760249,0.015582858855259216,0.0
lightgbm_ordinal,temperature_scaled,probability_threshold,0.05,exact_quantile_rankwise_ties,exact,not_applicable,5.75857983631245e-06,0.30366367401564426,137360,0.30366367401564426,0.30366367401564426,0.6963363259843558,0.0,0.3207170033760249,0.015582858855259216,0.0,0.3207170033760249,0.015582858855259216,0.0
lightgbm_ordinal,temperature_scaled,probability_threshold,0.1,A_as_run,as_run,not_applicable,3.789524361197394e-06,0.2694298416818327,144113,0.2694298416818327,0.2694298416818327,0.7305701583181673,0.0,0.2848078881088902,0.0,0.0,0.2848078881088902,0.0,0.0
lightgbm_ordinal,temperature_scaled,probability_threshold,0.1,E_as_stated,exact,not_applicable,3.789524288588808e-06,0.2694298416818327,144113,0.2694298416818327,0.2694298416818327,0.7305701583181673,0.0,0.2848078881088902,0.0,0.0,0.2848078881088902,0.0,0.0
lightgbm_ordinal,temperature_scaled,probability_threshold,0.1,as_run_quantile_tie_block,as_run,not_applicable,3.789524361197394e-06,0.2694298416818327,144113,0.2694298416818327,0.2694298416818327,0.7305701583181673,0.0,0.2848078881088902,0.0,0.0,0.2848078881088902,0.0,0.0
lightgbm_ordinal,temperature_scaled,probability_threshold,0.1,exact_quantile_rankwise_ties,exact,not_applicable,3.789524288588808e-06,0.2694298416818327,144113,0.2694298416818327,0.2694298416818327,0.7305701583181673,0.0,0.2848078881088902,0.0,0.0,0.2848078881088902,0.0,0.0
