experiment,confidence_band,rows,share,errors,accuracy,mean_max_probability,mean_entropy_bits,mean_normalized_entropy,rows_true_Allow,errors_true_Allow,rows_true_Deny,errors_true_Deny,rows_true_Drop,errors_true_Drop
random_core_all,p_ge_0_99,209715,0.9999952316466078,2,0.999990463247741,0.9999998602320638,1.559639297261613e-06,9.840228374816303e-07,160918,2,2761,0,46036,0
random_core_all,p_0_95_0_99,0,0.0,0,,,,,0,0,0,0,0,0
random_core_all,p_0_90_0_95,0,0.0,0,,,,,0,0,0,0,0,0
random_core_all,p_0_70_0_90,1,4.7683533922066035e-06,0,1.0,0.8524182973341993,0.6037679118825598,0.3809351398584169,0,0,1,0,0,0
random_core_all,p_lt_0_70,0,0.0,0,,,,,0,0,0,0,0,0
random_without_application_context,p_ge_0_99,209708,0.9999618531728623,5,0.9999761573235165,0.9999998523936775,1.8432321535576904e-06,1.1629500084191405e-06,160915,3,2760,2,46033,0
random_without_application_context,p_0_95_0_99,4,1.9073413568826414e-05,1,0.75,0.9816764466812253,0.13148833381900343,0.08295990205394535,2,0,1,0,1,1
random_without_application_context,p_0_90_0_95,3,1.430506017661981e-05,0,1.0,0.924479219999585,0.3844726178271021,0.24257521402062668,1,0,1,0,1,0
random_without_application_context,p_0_70_0_90,0,0.0,0,,,,,0,0,0,0,0,0
random_without_application_context,p_lt_0_70,1,4.7683533922066035e-06,1,0.0,0.5939648847600062,0.9744831460028929,0.6148304111671439,0,0,0,0,1,1
random_without_volume_duration,p_ge_0_99,209202,0.9975490663564058,28,0.9998661580673225,0.9999817932210632,0.00020220504258532947,0.00012757717768926798,160431,24,2735,4,46036,0
random_without_volume_duration,p_0_95_0_99,234,0.0011157946937763452,10,0.9572649572649573,0.9786124353308404,0.144352530871473,0.09107630673015468,219,9,15,1,0,0
random_without_volume_duration,p_0_90_0_95,62,0.0002956379103168094,13,0.7903225806451613,0.9264191682659116,0.3769373356017633,0.23782098026310225,56,12,6,1,0,0
random_without_volume_duration,p_0_70_0_90,175,0.0008344618436361556,7,0.96,0.7730865807158911,0.7631128035981456,0.48147057312140207,173,5,2,2,0,0
random_without_volume_duration,p_lt_0_70,43,0.00020503919586488395,4,0.9069767441860465,0.6270157415587894,0.9412486039157401,0.5938617497180363,39,1,4,3,0,0
random_transport_volume_only,p_ge_0_99,204201,0.9737025310419806,236,0.9988442759829775,0.9995822491988098,0.0040666439889646445,0.0025657666898203117,158748,228,2645,5,42808,3
random_transport_volume_only,p_0_95_0_99,2546,0.012140227736558012,84,0.96700706991359,0.9791875182025347,0.14602089633102455,0.09212892813841667,631,77,63,2,1852,5
random_transport_volume_only,p_0_90_0_95,982,0.004682523031146885,179,0.8177189409368636,0.9215348200082166,0.4035043907053151,0.25458292579270553,303,153,15,1,664,25
random_transport_volume_only,p_0_70_0_90,1042,0.004968624234679281,228,0.781190019193858,0.8065403880539007,0.749159710734709,0.47266715167951423,564,169,22,5,456,54
random_transport_volume_only,p_lt_0_70,945,0.00450609395563524,441,0.5333333333333333,0.6005938573498057,1.060416754595958,0.6690484816602726,672,360,17,5,256,76
random_only_application_context,p_ge_0_99,141771,0.6760142287665224,42,0.9997037475929492,0.9999942183966877,6.855878176095032e-05,4.3255775281595715e-05,94844,41,2387,1,44540,0
random_only_application_context,p_0_95_0_99,9911,0.04725915047015965,21,0.9978811421652709,0.9691329878397758,0.19820904100400613,0.1250559813962925,9889,14,22,7,0,0
random_only_application_context,p_0_90_0_95,1677,0.007996528638730474,555,0.669051878354204,0.9192027799347394,0.40460290134784627,0.2552760088416933,1554,554,123,1,0,0
random_only_application_context,p_0_70_0_90,45622,0.21754181845924966,284,0.9937749331462891,0.7711520117915123,0.7758345120173977,0.4894970774793688,45374,69,221,215,27,0
random_only_application_context,p_lt_0_70,10735,0.05118827366533789,1479,0.8622263623660922,0.6200934416068798,0.956274346216164,0.603341937604871,9257,1,9,9,1469,1469
random_only_zone_interface,p_ge_0_99,166887,0.7957761925651834,0,1.0,0.9999992458924988,1.4248474161098306e-05,8.989786291231032e-06,121884,0,0,0,45003,0
random_only_zone_interface,p_0_95_0_99,0,0.0,0,,,,,0,0,0,0,0,0
random_only_zone_interface,p_0_90_0_95,9738,0.046434225333307905,168,0.9827479975354282,0.9220044341315394,0.40387408968771044,0.25481617988056393,8688,151,17,17,1033,0
random_only_zone_interface,p_0_70_0_90,27713,0.1321453775582216,25068,0.0954425720780861,0.8579064044501367,0.589696045822649,0.37205678087294697,25068,25068,2645,0,0,0
random_only_zone_interface,p_lt_0_70,5378,0.025644204543287114,5278,0.01859427296392711,0.5375821127532519,0.9955993289732141,0.6281532392849782,5278,5278,100,0,0,0
random_only_transport_ports,p_ge_0_99,57074,0.27214900150679966,257,0.9954970739741389,0.9956063764207905,0.04071816687373655,0.025690302991528087,31868,184,1100,4,24106,69
random_only_transport_ports,p_0_95_0_99,42525,0.2027742280035858,1165,0.9726043503821281,0.9796535217192701,0.14860572590243487,0.09375977402293077,31008,930,913,0,10604,235
random_only_transport_ports,p_0_90_0_95,9951,0.04744988460584791,624,0.9372927343985529,0.9158004244387491,0.47688671133358773,0.30088201526320324,8523,398,183,2,1245,224
random_only_transport_ports,p_0_70_0_90,56483,0.26933090465200554,4021,0.9288104385390294,0.8188329268095661,0.8173497218794631,0.5156902586071089,52546,1691,295,79,3642,2251
random_only_transport_ports,p_lt_0_70,43683,0.20829598123176105,13568,0.6893986218895223,0.584409361991625,1.1955657743393286,0.7543180193823814,36973,9847,271,165,6439,3556
random_only_volume_duration,p_ge_0_99,191933,0.91520437162639,411,0.9978586277503086,0.9993822343981876,0.005814203796688242,0.0036683541686587445,158375,404,2476,6,31082,1
random_only_volume_duration,p_0_95_0_99,1102,0.005254725438211677,97,0.911978221415608,0.976391193371768,0.16336055707717256,0.10306903601999651,127,95,37,2,938,0
random_only_volume_duration,p_0_90_0_95,10644,0.05075435350664709,774,0.9272829763246899,0.935927931771323,0.3578105640847599,0.22575333102326173,609,605,139,26,9896,143
random_only_volume_duration,p_0_70_0_90,2915,0.01389975013828225,782,0.7317324185248714,0.8100497221582433,0.7256943967927032,0.45786218693660774,769,670,40,16,2106,96
random_only_volume_duration,p_lt_0_70,3122,0.014886799290469016,1360,0.564381806534273,0.5810035930321337,1.1668041688902453,0.7361714667440716,1038,1036,70,53,2014,271
temporal_core_all,p_ge_0_99,209713,0.9999856949398234,5,0.9999761578919761,0.9999999569713739,4.945638498225286e-07,3.120350478938794e-07,156871,4,2533,1,50309,0
temporal_core_all,p_0_95_0_99,1,4.7683533922066035e-06,0,1.0,0.9574165634766901,0.2540558242847898,0.16029137860939593,0,0,1,0,0,0
temporal_core_all,p_0_90_0_95,0,0.0,0,,,,,0,0,0,0,0,0
temporal_core_all,p_0_70_0_90,2,9.536706784413207e-06,1,0.5,0.8196417223129813,0.649706583255974,0.4099192144674453,0,0,2,1,0,0
temporal_core_all,p_lt_0_70,0,0.0,0,,,,,0,0,0,0,0,0
temporal_without_volume_duration,p_ge_0_99,209180,0.9974441625817773,58,0.9997227268381298,0.9999789163987812,0.000221452322012848,0.00013972085895539322,156386,47,2485,11,50309,0
temporal_without_volume_duration,p_0_95_0_99,199,0.0009489023250491141,30,0.8492462311557789,0.9762177735905314,0.15907796266724036,0.1003670197842915,179,17,20,13,0,0
temporal_without_volume_duration,p_0_90_0_95,53,0.00025272272978695,1,0.9811320754716981,0.9313859303715841,0.35851794791424857,0.22619964052848146,52,0,1,1,0,0
temporal_without_volume_duration,p_0_70_0_90,214,0.0010204276259322131,18,0.9158878504672897,0.7739277032135911,0.7515505110484857,0.474175578732324,202,6,12,12,0,0
temporal_without_volume_duration,p_lt_0_70,70,0.00033378473745446224,21,0.7,0.6056962766558597,0.9576230755405417,0.6041928910651354,52,7,18,14,0,0
temporal_transport_volume_only,p_ge_0_99,203638,0.9710179480821682,212,0.9989589369371139,0.9995610621439539,0.004296717316721755,0.0027109267978054708,154914,178,2487,9,46237,25
temporal_transport_volume_only,p_0_95_0_99,3552,0.016937191249117856,146,0.9588963963963963,0.9789253953005314,0.1500382853606803,0.09466361840889806,676,110,27,12,2849,24
temporal_transport_volume_only,p_0_90_0_95,842,0.00401495355623796,171,0.7969121140142518,0.9214331234665541,0.4074201501777027,0.2570534949516642,306,158,7,1,529,12
temporal_transport_volume_only,p_0_70_0_90,885,0.004219992752102844,210,0.7627118644067796,0.808221856228374,0.7521052508777183,0.474525580596078,432,122,5,4,448,84
temporal_transport_volume_only,p_lt_0_70,799,0.003809914360373076,413,0.4831038798498123,0.6084669880508152,1.0361937803512424,0.6537654864892865,543,335,10,3,246,75
context_application_category_heldout,p_ge_0_99,193939,0.9831593675384389,3754,0.9806433981819026,0.9994176398808736,0.0056226153322337285,0.003547475305993325,183389,519,3307,3235,7243,0
context_application_category_heldout,p_0_95_0_99,1378,0.006985668733302579,1229,0.1081277213352685,0.9735416663595369,0.1774226936750499,0.1119412563983834,1277,1229,30,0,71,0
context_application_category_heldout,p_0_90_0_95,90,0.00045624832075270833,81,0.1,0.9210554626358297,0.3998716943413552,0.25229094957099224,90,81,0,0,0,0
context_application_category_heldout,p_0_70_0_90,1853,0.00939364598171965,594,0.6794387479762547,0.7817079491188393,0.7498177039534891,0.473082299178891,1853,594,0,0,0,0
context_application_category_heldout,p_lt_0_70,1,5.069425786141204e-06,0,1.0,0.6494955329185991,0.9371918913565773,0.5913022490627735,1,0,0,0,0,0
context_destination_service_heldout,p_ge_0_99,535894,0.9818379024087269,2654,0.9950475280559216,0.9998774352133556,0.0012193229974285969,0.0007693071582916355,468289,2265,1613,389,65992,0
context_destination_service_heldout,p_0_95_0_99,8347,0.01529295153781465,561,0.9327902240325866,0.9800861375562187,0.13900323212802407,0.08770127499217033,7738,7,609,554,0,0
context_destination_service_heldout,p_0_90_0_95,752,0.001377776393487075,170,0.773936170212766,0.9317654785235026,0.35783545603145517,0.22576903609305612,592,10,160,160,0,0
context_destination_service_heldout,p_0_70_0_90,415,0.0007603420256610854,77,0.8144578313253013,0.810938774633158,0.6836079324778248,0.4313085843777276,407,70,8,7,0,0
context_destination_service_heldout,p_lt_0_70,399,0.0007310276343102965,51,0.8721804511278195,0.5922774280526037,0.9674287707606783,0.6103795959339727,399,51,0,0,0,0
context_rule_heldout_diagnostic,p_ge_0_99,664060,0.9916923403168648,2994,0.995491371261633,0.9995002953912302,0.005136139945678611,0.003240543510235524,570508,1587,1128,9,92424,1398
context_rule_heldout_diagnostic,p_0_95_0_99,3129,0.0046727785634603355,228,0.9271332694151486,0.9814834624062126,0.13221583977294857,0.08341890720618972,536,221,2593,7,0,0
context_rule_heldout_diagnostic,p_0_90_0_95,146,0.00021803313207580983,75,0.4863013698630137,0.9226421488236832,0.39528844471471697,0.24939924101350106,101,75,45,0,0,0
context_rule_heldout_diagnostic,p_0_70_0_90,1872,0.00279560289894463,20,0.9893162393162394,0.8119639404370598,0.744697511584618,0.4698518174693607,1713,19,159,1,0,0
context_rule_heldout_diagnostic,p_lt_0_70,416,0.0006212450886543623,129,0.6899038461538461,0.5213216954948273,1.2331188737170642,0.7780113871186204,233,123,25,6,158,0
