experiment,bin,lower,upper,rows,mean_confidence,empirical_accuracy
random_core_all,1,0.0,0.1,0,,
random_core_all,2,0.1,0.2,0,,
random_core_all,3,0.2,0.3,0,,
random_core_all,4,0.3,0.4,0,,
random_core_all,5,0.4,0.5,0,,
random_core_all,6,0.5,0.6,0,,
random_core_all,7,0.6,0.7,0,,
random_core_all,8,0.7,0.8,0,,
random_core_all,9,0.8,0.9,1,0.8524182973341993,1.0
random_core_all,10,0.9,1.0,209715,0.9999998602320638,0.999990463247741
random_without_application_context,1,0.0,0.1,0,,
random_without_application_context,2,0.1,0.2,0,,
random_without_application_context,3,0.2,0.3,0,,
random_without_application_context,4,0.3,0.4,0,,
random_without_application_context,5,0.4,0.5,0,,
random_without_application_context,6,0.5,0.6,1,0.5939648847600062,0.0
random_without_application_context,7,0.6,0.7,0,,
random_without_application_context,8,0.7,0.8,0,,
random_without_application_context,9,0.8,0.9,0,,
random_without_application_context,10,0.9,1.0,209715,0.9999984225697734,0.999971389743223
random_without_volume_duration,1,0.0,0.1,0,,
random_without_volume_duration,2,0.1,0.2,0,,
random_without_volume_duration,3,0.2,0.3,0,,
random_without_volume_duration,4,0.3,0.4,0,,
random_without_volume_duration,5,0.4,0.5,0,,
random_without_volume_duration,6,0.5,0.6,19,0.566953627679898,0.7894736842105263
random_without_volume_duration,7,0.6,0.7,24,0.674564915046245,1.0
random_without_volume_duration,8,0.7,0.8,143,0.7533996897318528,0.972027972027972
random_without_volume_duration,9,0.8,0.9,32,0.8610623748008122,0.90625
random_without_volume_duration,10,0.9,1.0,209498,0.9999361540622477,0.9997565609218226
random_transport_volume_only,1,0.0,0.1,0,,
random_transport_volume_only,2,0.1,0.2,0,,
random_transport_volume_only,3,0.2,0.3,0,,
random_transport_volume_only,4,0.3,0.4,2,0.3674591672076277,0.5
random_transport_volume_only,5,0.4,0.5,24,0.4835927704194707,0.5416666666666666
random_transport_volume_only,6,0.5,0.6,595,0.5783698980378241,0.42521008403361343
random_transport_volume_only,7,0.6,0.7,324,0.6515122254277116,0.7314814814814815
random_transport_volume_only,8,0.7,0.8,456,0.7472725277306126,0.8026315789473685
random_transport_volume_only,9,0.8,0.9,586,0.8526600882372102,0.764505119453925
random_transport_volume_only,10,0.9,1.0,207729,0.9989633295458886,0.9975978317904578
random_only_application_context,1,0.0,0.1,0,,
random_only_application_context,2,0.1,0.2,0,,
random_only_application_context,3,0.2,0.3,0,,
random_only_application_context,4,0.3,0.4,0,,
random_only_application_context,5,0.4,0.5,0,,
random_only_application_context,6,0.5,0.6,647,0.5260636907525713,0.990726429675425
random_only_application_context,7,0.6,0.7,10088,0.6261240967221393,0.85398493259318
random_only_application_context,8,0.7,0.8,45085,0.7705803749904232,0.9940556726183875
random_only_application_context,9,0.8,0.9,537,0.8191450195701261,0.9702048417132216
random_only_application_context,10,0.9,1.0,153359,0.9971163116657475,0.9959702397642134
random_only_zone_interface,1,0.0,0.1,0,,
random_only_zone_interface,2,0.1,0.2,0,,
random_only_zone_interface,3,0.2,0.3,0,,
random_only_zone_interface,4,0.3,0.4,0,,
random_only_zone_interface,5,0.4,0.5,0,,
random_only_zone_interface,6,0.5,0.6,5318,0.5364711053848312,0.018427980443775856
random_only_zone_interface,7,0.6,0.7,60,0.6360543991742573,0.03333333333333333
random_only_zone_interface,8,0.7,0.8,0,,
random_only_zone_interface,9,0.8,0.9,27713,0.8579064044501367,0.0954425720780861
random_only_zone_interface,10,0.9,1.0,176625,0.9956990988185952,0.9990488322717622
random_only_transport_ports,1,0.0,0.1,0,,
random_only_transport_ports,2,0.1,0.2,0,,
random_only_transport_ports,3,0.2,0.3,0,,
random_only_transport_ports,4,0.3,0.4,339,0.377386381874042,0.035398230088495575
random_only_transport_ports,5,0.4,0.5,8036,0.4750049137499425,0.42732702837232456
random_only_transport_ports,6,0.5,0.6,10083,0.5511312213648689,0.5690766636913617
random_only_transport_ports,7,0.6,0.7,25225,0.6353468616257024,0.8297720515361744
random_only_transport_ports,8,0.7,0.8,19815,0.7613363074166897,0.9116326015644713
random_only_transport_ports,9,0.8,0.9,36668,0.8499034927872537,0.9380931602487182
random_only_transport_ports,10,0.9,1.0,109550,0.9821646222048577,0.9813235965312642
random_only_volume_duration,1,0.0,0.1,0,,
random_only_volume_duration,2,0.1,0.2,0,,
random_only_volume_duration,3,0.2,0.3,0,,
random_only_volume_duration,4,0.3,0.4,201,0.3815276023682402,0.0
random_only_volume_duration,5,0.4,0.5,100,0.4200190799014319,0.0
random_only_volume_duration,6,0.5,0.6,1437,0.5460861225272436,0.4509394572025052
random_only_volume_duration,7,0.6,0.7,1384,0.6578601902518154,0.8049132947976878
random_only_volume_duration,8,0.7,0.8,1084,0.7667481250561654,0.5959409594095941
random_only_volume_duration,9,0.8,0.9,1831,0.8356854028019639,0.8121245221190606
random_only_volume_duration,10,0.9,1.0,203679,0.9959418025207166,0.9937057821375792
temporal_core_all,1,0.0,0.1,0,,
temporal_core_all,2,0.1,0.2,0,,
temporal_core_all,3,0.2,0.3,0,,
temporal_core_all,4,0.3,0.4,0,,
temporal_core_all,5,0.4,0.5,0,,
temporal_core_all,6,0.5,0.6,0,,
temporal_core_all,7,0.6,0.7,0,,
temporal_core_all,8,0.7,0.8,1,0.7408028423346075,1.0
temporal_core_all,9,0.8,0.9,1,0.8984806022913552,0.0
temporal_core_all,10,0.9,1.0,209714,0.9999997539167687,0.9999761580056649
temporal_without_volume_duration,1,0.0,0.1,0,,
temporal_without_volume_duration,2,0.1,0.2,0,,
temporal_without_volume_duration,3,0.2,0.3,0,,
temporal_without_volume_duration,4,0.3,0.4,0,,
temporal_without_volume_duration,5,0.4,0.5,0,,
temporal_without_volume_duration,6,0.5,0.6,23,0.5355917903057233,0.13043478260869565
temporal_without_volume_duration,7,0.6,0.7,47,0.6400027274229481,0.9787234042553191
temporal_without_volume_duration,8,0.7,0.8,154,0.7370618594554638,0.974025974025974
temporal_without_volume_duration,9,0.8,0.9,60,0.8685500355261183,0.7666666666666667
temporal_without_volume_duration,10,0.9,1.0,209432,0.9999389803065017,0.9995750410634479
temporal_transport_volume_only,1,0.0,0.1,0,,
temporal_transport_volume_only,2,0.1,0.2,0,,
temporal_transport_volume_only,3,0.2,0.3,0,,
temporal_transport_volume_only,4,0.3,0.4,3,0.3670865172753354,1.0
temporal_transport_volume_only,5,0.4,0.5,15,0.4699725327615147,0.3333333333333333
temporal_transport_volume_only,6,0.5,0.6,454,0.585878709011595,0.3590308370044053
temporal_transport_volume_only,7,0.6,0.7,327,0.64839554133972,0.6574923547400612
temporal_transport_volume_only,8,0.7,0.8,401,0.7492502277911585,0.7456359102244389
temporal_transport_volume_only,9,0.8,0.9,484,0.8570805814418524,0.7768595041322314
temporal_transport_volume_only,10,0.9,1.0,208032,0.9988925033982119,0.9974571219812337
context_application_category_heldout,1,0.0,0.1,0,,
context_application_category_heldout,2,0.1,0.2,0,,
context_application_category_heldout,3,0.2,0.3,0,,
context_application_category_heldout,4,0.3,0.4,0,,
context_application_category_heldout,5,0.4,0.5,0,,
context_application_category_heldout,6,0.5,0.6,0,,
context_application_category_heldout,7,0.6,0.7,1,0.6494955329185991,1.0
context_application_category_heldout,8,0.7,0.8,620,0.7195552109552811,0.041935483870967745
context_application_category_heldout,9,0.8,0.9,1233,0.8129607452756974,1.0
context_application_category_heldout,10,0.9,1.0,195407,0.9991990720329231,0.974084858781927
context_destination_service_heldout,1,0.0,0.1,0,,
context_destination_service_heldout,2,0.1,0.2,0,,
context_destination_service_heldout,3,0.2,0.3,0,,
context_destination_service_heldout,4,0.3,0.4,0,,
context_destination_service_heldout,5,0.4,0.5,0,,
context_destination_service_heldout,6,0.5,0.6,253,0.5572603313979733,0.9288537549407114
context_destination_service_heldout,7,0.6,0.7,146,0.6529577393787785,0.773972602739726
context_destination_service_heldout,8,0.7,0.8,224,0.7632447109765612,0.6964285714285714
context_destination_service_heldout,9,0.8,0.9,191,0.8668731738953445,0.9528795811518325
context_destination_service_heldout,10,0.9,1.0,544993,0.9994803325845608,0.9937889110502337
context_rule_heldout_diagnostic,1,0.0,0.1,0,,
context_rule_heldout_diagnostic,2,0.1,0.2,0,,
context_rule_heldout_diagnostic,3,0.2,0.3,0,,
context_rule_heldout_diagnostic,4,0.3,0.4,0,,
context_rule_heldout_diagnostic,5,0.4,0.5,158,0.4338980287305268,1.0
context_rule_heldout_diagnostic,6,0.5,0.6,164,0.5428569233799199,0.3475609756097561
context_rule_heldout_diagnostic,7,0.6,0.7,94,0.6306957590650859,0.7659574468085106
context_rule_heldout_diagnostic,8,0.7,0.8,273,0.7595062625759235,0.9560439560439561
context_rule_heldout_diagnostic,9,0.8,0.9,1599,0.8209201293401805,0.9949968730456535
context_rule_heldout_diagnostic,10,0.9,1.0,667335,0.9993990029971419,0.9950594528984693
